id,name,brand_id/id,season
pline_bridgestone__turanza_el440,TURANZA EL440,brand_bridgestone,all_season
pline_firestone__firehawk_pvs,FIREHAWK PVS,brand_firestone,all_season
pline_bridgestone__ecopia_ep422_plus,ECOPIA EP422 PLUS,brand_bridgestone,all_season
pline_bridgestone__turanza_t005,TURANZA T005,brand_bridgestone,all_season
pline_firestone__weathergrip,WEATHERGRIP,brand_firestone,all_weather_3pmsf
pline_bridgestone__ecopia_ep422,ECOPIA EP422,brand_bridgestone,all_season
pline_bridgestone__driveguard_plus,DRIVEGUARD PLUS,brand_bridgestone,all_season
pline_firestone__transforce_at2,TRANSFORCE AT2,brand_firestone,all_season
pline_bridgestone__blizzak_ws90,BLIZZAK WS90,brand_bridgestone,winter
pline_bridgestone__driveguard,DRIVEGUARD,brand_bridgestone,all_season
pline_bridgestone__potenza_sport,POTENZA SPORT,brand_bridgestone,summer
pline_bridgestone__weatherpeak,WEATHERPEAK,brand_bridgestone,all_weather_3pmsf
pline_bridgestone__dueler_a_t_rh_s,DUELER A/T RH-S,brand_bridgestone,all_weather_3pmsf
pline_firestone__firehawk_indy_500_v2,FIREHAWK INDY 500 V2,brand_firestone,summer
pline_bridgestone__ultraweather,ULTRAWEATHER,brand_bridgestone,all_weather_3pmsf
pline_firestone__destination_x_t,DESTINATION X/T,brand_firestone,all_weather_3pmsf
pline_bridgestone__turanza_ls100_moe,TURANZA LS100 MOE,brand_bridgestone,all_season
pline_bridgestone__turanza_el450_rft,TURANZA EL450 RFT,brand_bridgestone,all_season
pline_bridgestone__dueler_a_t_revo_3,DUELER A/T REVO 3,brand_bridgestone,all_weather_3pmsf
pline_firestone__winterforce_2,WINTERFORCE 2,brand_firestone,winter
pline_bridgestone__blizzak_lm001,BLIZZAK LM001,brand_bridgestone,winter
pline_bridgestone__blizzak_icepeak,BLIZZAK ICEPEAK,brand_bridgestone,winter
pline_firestone__affinity_as,AFFINITY AS,brand_firestone,all_season
pline_bridgestone__blizzak_dm_v2,BLIZZAK DM-V2,brand_bridgestone,winter
pline_firestone__firehawk_pursuit,FIREHAWK PURSUIT,brand_firestone,all_season
pline_bridgestone__potenza_sport_evo,POTENZA SPORT EVO,brand_bridgestone,summer
pline_bridgestone__turanza_6,TURANZA 6,brand_bridgestone,all_season
pline_bridgestone__potenza_re_71rs,POTENZA RE-71RS,brand_bridgestone,summer
pline_firestone__firehawk_indy_500,FIREHAWK INDY 500,brand_firestone,summer
pline_bridgestone__alenza_a_s_02,ALENZA A/S 02,brand_bridgestone,all_season
pline_bridgestone__duravis_r238,DURAVIS R238,brand_bridgestone,all_season
pline_bridgestone__turanza_t001,TURANZA T001,brand_bridgestone,all_season
pline_firestone__winterforce_cv,WINTERFORCE CV,brand_firestone,winter
pline_bridgestone__duravis_r500_hd,DURAVIS R500 HD,brand_bridgestone,all_season
pline_bridgestone__alenza_as_ultra,ALENZA AS ULTRA,brand_bridgestone,all_season
pline_bridgestone__turanza_el450,TURANZA EL450,brand_bridgestone,all_season
pline_bridgestone__dueler_h_t_685,DUELER H/T 685,brand_bridgestone,all_season
pline_bridgestone__ecopia_h_l_422_plus_rft,ECOPIA H/L 422 PLUS RFT,brand_bridgestone,all_season
pline_bridgestone__alenza_sport_a_s,ALENZA SPORT A/S,brand_bridgestone,summer
pline_firestone__firehawk_as,FIREHAWK AS,brand_firestone,all_season
pline_firestone__transforce_cv,TRANSFORCE CV,brand_firestone,all_season
pline_bridgestone__blizzak_6,BLIZZAK 6,brand_bridgestone,winter
pline_bridgestone__potenza_s001_rft,POTENZA S001 RFT,brand_bridgestone,summer
pline_bridgestone__turanza_ls100_ext,TURANZA LS100 EXT,brand_bridgestone,all_season
pline_bridgestone__turanza_ls100,TURANZA LS100,brand_bridgestone,all_season
pline_bridgestone__dueler_a_t_ascent,DUELER A/T ASCENT,brand_bridgestone,all_weather_3pmsf
pline_bridgestone__potenza_s007_a_rft,POTENZA S007 A RFT,brand_bridgestone,summer
pline_bridgestone__alenza_prestige,ALENZA PRESTIGE,brand_bridgestone,all_season
pline_bridgestone__potenza_s001_i,POTENZA S001 I,brand_bridgestone,summer
pline_firestone__all_season,ALL SEASON,brand_firestone,all_season
pline_bridgestone__turanza_quiettrack,TURANZA QUIETTRACK,brand_bridgestone,all_season
pline_firestone__destination_m_t2,DESTINATION M/T2,brand_firestone,all_season
pline_bridgestone__blizzak_rft,BLIZZAK RFT,brand_bridgestone,winter
pline_firestone__destination_a_t2,DESTINATION A/T2,brand_firestone,all_weather_3pmsf
pline_bridgestone__potenza_sport_as,POTENZA SPORT AS,brand_bridgestone,summer
pline_bridgestone__alenza_sport_a_s_rft,ALENZA SPORT A/S RFT,brand_bridgestone,summer
pline_bridgestone__alenza_001_rft,ALENZA 001 RFT,brand_bridgestone,all_season
pline_firestone__winterforce_2_uv,WINTERFORCE 2 UV,brand_firestone,winter
pline_bridgestone__potenza_s005_rft_sponge,POTENZA S005 RFT SPONGE,brand_bridgestone,summer
pline_fuzion__fuzion_highway,FUZION HIGHWAY,brand_fuzion,all_season
pline_bridgestone__potenza_s001,POTENZA S001,brand_bridgestone,summer
pline_bridgestone__potenza_s001l,POTENZA S001L,brand_bridgestone,summer
pline_firestone__transforce_ht2,TRANSFORCE HT2,brand_firestone,all_season
pline_fuzion__fuzion_max_traction,FUZION MAX TRACTION,brand_fuzion,all_season
pline_firestone__destination_le3,DESTINATION LE3,brand_firestone,all_season
pline_bridgestone__turanza_er300,TURANZA ER300,brand_bridgestone,all_season
pline_firestone__firehawk_as_v2,FIREHAWK AS V2,brand_firestone,all_season
pline_bridgestone__turanza_prestige,TURANZA PRESTIGE,brand_bridgestone,all_season
pline_bridgestone__blizzak_lm001_rft,BLIZZAK LM001 RFT,brand_bridgestone,winter
pline_bridgestone__turanza_everdrive,TURANZA EVERDRIVE,brand_bridgestone,all_season
pline_bridgestone__potenza_s001l_rft,POTENZA S001L RFT,brand_bridgestone,summer
pline_bridgestone__ecopia_h_l_422_plus,ECOPIA H/L 422 PLUS,brand_bridgestone,all_season
pline_bridgestone__potenza_re050a_i_rft,POTENZA RE050A I RFT,brand_bridgestone,summer
pline_bridgestone__potenza_re050a,POTENZA RE050A,brand_bridgestone,summer
pline_bridgestone__dueler_h_l_33,DUELER H/L 33,brand_bridgestone,all_season
pline_fuzion__fuzion_touring_a_s,FUZION TOURING A/S,brand_fuzion,all_season
pline_firestone__transforce_cv2,TRANSFORCE CV2,brand_firestone,all_season
pline_bridgestone__turanza_t005_rft,TURANZA T005 RFT,brand_bridgestone,all_season
pline_fuzion__fuzion_sport,FUZION SPORT,brand_fuzion,summer
pline_bridgestone__potenza_re97as,POTENZA RE97AS,brand_bridgestone,summer
pline_bridgestone__potenza_re_71rz,POTENZA RE-71RZ,brand_bridgestone,summer
pline_fuzion__fuzion_a_t,FUZION A/T,brand_fuzion,all_weather_3pmsf
pline_fuzion__fuzion_uhp_sport_a_s,FUZION UHP SPORT A/S,brand_fuzion,summer
pline_bridgestone__dueler_h_l_400_ecopia,DUELER H/L 400 ECOPIA,brand_bridgestone,all_season
pline_bridgestone__potenza_re050a_moextended,POTENZA RE050A MOEXTENDED,brand_bridgestone,summer
pline_bridgestone__potenza_re97as_rft,POTENZA RE97AS RFT,brand_bridgestone,summer
pline_firestone__destination_le_2,DESTINATION LE 2,brand_firestone,all_season
pline_fuzion__fuzion_touring,FUZION TOURING,brand_fuzion,all_season
pline_bridgestone__dueler_h_p_sport_as,DUELER H/P SPORT AS,brand_bridgestone,summer
pline_bridgestone__alenza_001_sp,ALENZA 001 SP,brand_bridgestone,all_season
pline_firestone__tempa_spare_radial,TEMPA SPARE RADIAL,brand_firestone,all_season
pline_bridgestone__dueler_h_l_400,DUELER H/L 400,brand_bridgestone,all_season
pline_firestone__ft140,FT140,brand_firestone,all_season
pline_bridgestone__alenza_001,ALENZA 001,brand_bridgestone,all_season
pline_bridgestone__blizzak_lm_60_rft,BLIZZAK LM-60 RFT,brand_bridgestone,winter
pline_bridgestone__blizzak_lt,BLIZZAK LT,brand_bridgestone,winter
pline_bridgestone__blizzak_lm005_moe_sp,BLIZZAK LM005 MOE SP,brand_bridgestone,winter
pline_fuzion__fuzion_suv,FUZION SUV,brand_fuzion,all_season
pline_bridgestone__potenza_s005_rft,POTENZA S005 RFT,brand_bridgestone,summer
pline_bridgestone__turanza_ls100_a,TURANZA LS100 A,brand_bridgestone,all_season
pline_bridgestone__turanza_ls100_rft,TURANZA LS100 RFT,brand_bridgestone,all_season
pline_bridgestone__tempa_spare_tr2,TEMPA SPARE TR2,brand_bridgestone,all_season
pline_bridgestone__ts_tracompa_tr3,TS TRACOMPA TR3,brand_bridgestone,all_season
pline_bridgestone__tempa_spare_tracompa_tr2d,TEMPA SPARE TRACOMPA TR2D,brand_bridgestone,all_season
pline_bridgestone__turanza_t005_ad,TURANZA T005 AD,brand_bridgestone,all_season
pline_firestone__transforce_ht3,TRANSFORCE HT3,brand_firestone,all_season
pline_firestone__winterforce_lt,WINTERFORCE LT,brand_firestone,winter
pline_bridgestone__blizzak_lm005,BLIZZAK LM005,brand_bridgestone,winter
pline_bridgestone__dueler_h_p_sport,DUELER H/P SPORT,brand_bridgestone,summer
pline_bridgestone__turanza_el400_02,TURANZA EL400-02,brand_bridgestone,all_season
pline_firestone__destination_a_t,DESTINATION A/T,brand_firestone,all_weather_3pmsf
pline_bridgestone__potenza_s001_moe,POTENZA S001 MOE,brand_bridgestone,summer
pline_bridgestone__blizzak_lm_32_moe,BLIZZAK LM-32 MOE,brand_bridgestone,winter
pline_bridgestone__duravis_r630,DURAVIS R630,brand_bridgestone,all_season
pline_bridgestone__potenza_s007,POTENZA S007,brand_bridgestone,summer
pline_bridgestone__potenza_re050a_rft,POTENZA RE050A RFT,brand_bridgestone,summer
pline_bridgestone__dueler_h_p_sport_as_rft,DUELER H/P SPORT AS RFT,brand_bridgestone,summer
pline_firestone__transforce_ht,TRANSFORCE HT,brand_firestone,all_season
pline_bridgestone__potenza_re050a_scuderia,POTENZA RE050A SCUDERIA,brand_bridgestone,summer
pline_bridgestone__turanza_el400_02_rft,TURANZA EL400-02 RFT,brand_bridgestone,all_season
pline_firestone__affinity_touring_s4_ff,AFFINITY TOURING S4 FF,brand_firestone,all_season
pline_fuzion__fuzion_all_terrain,FUZION ALL-TERRAIN,brand_fuzion,all_season
pline_bridgestone__dueler_h_p_sport_rft,DUELER H/P SPORT RFT,brand_bridgestone,summer
pline_bridgestone__potenza_s005,POTENZA S005,brand_bridgestone,summer
pline_bridgestone__dueler_h_l_alenza_plus,DUELER H/L ALENZA PLUS,brand_bridgestone,all_season
pline_bridgestone__turanza_ls100_a_rft,TURANZA LS100 A RFT,brand_bridgestone,all_season
pline_bridgestone__dueler_h_l_alenza,DUELER H/L ALENZA,brand_bridgestone,all_season
pline_bridgestone__blizzak_lm_32,BLIZZAK LM-32,brand_bridgestone,winter
pline_firestone__transforce_at,TRANSFORCE AT,brand_firestone,all_season
pline_bridgestone__ecopia_ep500,ECOPIA EP500,brand_bridgestone,all_season
pline_bridgestone__dueler_h_p_92a,DUELER H/P 92A,brand_bridgestone,all_season
pline_bridgestone__turanza_t005_moe,TURANZA T005 MOE,brand_bridgestone,all_season
pline_bridgestone__duravis_m705,DURAVIS M705,brand_bridgestone,all_season
pline_bridgestone__potenza_re92a,POTENZA RE92A,brand_bridgestone,summer
pline_bridgestone__blizzak_lm_25_rft,BLIZZAK LM-25 RFT,brand_bridgestone,winter
pline_firestone__firehawk_gt_v,FIREHAWK GT V,brand_firestone,all_season
pline_bridgestone__ecopia_ep150,ECOPIA EP150,brand_bridgestone,all_season
pline_firestone__firehawk_pursuit_awt,FIREHAWK PURSUIT AWT,brand_firestone,all_season
pline_bridgestone__potenza_race,POTENZA RACE,brand_bridgestone,summer
pline_bridgestone__turanza_ev,TURANZA EV,brand_bridgestone,all_season
pline_bridgestone__dueler_h_l_400_ext,DUELER H/L 400 EXT,brand_bridgestone,all_season
pline_bridgestone__turanza_el470,TURANZA EL470,brand_bridgestone,all_season
pline_bridgestone__dueler_h_l_683,DUELER H/L 683,brand_bridgestone,all_season
pline_bridgestone__potenza_s001_sp,POTENZA S001 SP,brand_bridgestone,summer
pline_bridgestone__ecopia_h_l_422_plus_sp,ECOPIA H/L 422 PLUS SP,brand_bridgestone,all_season
pline_bridgestone__turanza_er33,TURANZA ER33,brand_bridgestone,all_season
pline_firestone__fr710,FR710,brand_firestone,all_season
pline_bridgestone__turanza_6_sp,TURANZA 6 SP,brand_bridgestone,all_season
pline_bridgestone__tempa_spare_tr3,TEMPA SPARE TR3,brand_bridgestone,all_season
pline_bridgestone__turanza_er300i_rft,TURANZA ER300I RFT,brand_bridgestone,all_season
pline_bridgestone__blizzak_lm_32_ext,BLIZZAK LM-32 EXT,brand_bridgestone,winter
pline_firestone__fr740,FR740,brand_firestone,all_season
pline_bridgestone__dueler_h_l_400_rft,DUELER H/L 400 RFT,brand_bridgestone,all_season
pline_bridgestone__turanza_t005_ad_rft,TURANZA T005 AD RFT,brand_bridgestone,all_season
pline_bridgestone__tempa_spare_tracompa_tr3,TEMPA SPARE TRACOMPA TR3,brand_bridgestone,all_season
pline_bridgestone__potenza_sport_rft,POTENZA SPORT RFT,brand_bridgestone,summer
pline_bridgestone__dueler_h_t_840,DUELER H/T 840,brand_bridgestone,all_season
pline_bridgestone__dueler_h_p_sport_ecopia,DUELER H/P SPORT ECOPIA,brand_bridgestone,summer
pline_bridgestone__alenza_sport_a_s_sp,ALENZA SPORT A/S SP,brand_bridgestone,summer
pline_bridgestone__potenza_re070r_r2_rft,POTENZA RE070R R2 RFT,brand_bridgestone,summer
pline_bridgestone__turanza_el400_02_ecopia,TURANZA EL400-02 ECOPIA,brand_bridgestone,all_season
pline_bridgestone__alenza_sport_a_s_moe,ALENZA SPORT A/S MOE,brand_bridgestone,summer
pline_bridgestone__potenza_s001_moextended,POTENZA S001 MOEXTENDED,brand_bridgestone,summer
pline_bridgestone__turanza_el42,TURANZA EL42,brand_bridgestone,all_season
pline_bridgestone__dueler_h_t_689,DUELER H/T 689,brand_bridgestone,all_season
pline_fuzion__fuzion_trailer,FUZION TRAILER,brand_fuzion,all_season
pline_bridgestone__potenza_re070r_rft,POTENZA RE070R RFT,brand_bridgestone,summer
pline_firestone__firehawk_gt_h,FIREHAWK GT H,brand_firestone,all_season
pline_bridgestone__blizzak_lm_80_evo,BLIZZAK LM-80 EVO,brand_bridgestone,winter
pline_bridgestone__turanza_6_ext,TURANZA 6 EXT,brand_bridgestone,all_season
pline_bridgestone__turanza_el400_02_moe,TURANZA EL400-02 MOE,brand_bridgestone,all_season
pline_bridgestone__dueler_h_p_sport_moe,DUELER H/P SPORT MOE,brand_bridgestone,summer
pline_bridgestone__turanza_t001_i_rft,TURANZA T001 I RFT,brand_bridgestone,all_season
pline_bridgestone__r187_metro_radial,R187 METRO RADIAL,brand_bridgestone,all_season
pline_bridgestone__alenza_sport_a_s_ext,ALENZA SPORT A/S EXT,brand_bridgestone,summer
pline_bridgestone__dueler_h_t_684_ii,DUELER H/T 684 II,brand_bridgestone,all_season
pline_bridgestone__turanza_t005a_rft,TURANZA T005A RFT,brand_bridgestone,all_season
pline_bridgestone__v_steel_rib_265,V-STEEL RIB 265,brand_bridgestone,all_season
pline_bridgestone__turanza_t005_mo_sp,TURANZA T005 MO SP,brand_bridgestone,all_season
pline_bridgestone__tempa_spare_trr2,TEMPA SPARE TRR2,brand_bridgestone,all_season
pline_bridgestone__alenza_a_s_02_rft,ALENZA A/S 02 RFT,brand_bridgestone,all_season
pline_bridgestone__turanza_t005_sp,TURANZA T005 SP,brand_bridgestone,all_season
pline_bridgestone__potenza_re97as_sp,POTENZA RE97AS SP,brand_bridgestone,summer
pline_bridgestone__dueler_h_l_422_ecopia,DUELER H/L 422 ECOPIA,brand_bridgestone,all_season
pline_bridgestone__potenza_re040,POTENZA RE040,brand_bridgestone,summer
pline_bridgestone__blizzak_lm001_evo,BLIZZAK LM001 EVO,brand_bridgestone,winter
pline_bridgestone__potenza_re050_rft,POTENZA RE050 RFT,brand_bridgestone,summer
pline_bridgestone__turanza_t005_moe_sp,TURANZA T005 MOE SP,brand_bridgestone,all_season
pline_bridgestone__dueler_a_t_001,DUELER A/T 001,brand_bridgestone,all_weather_3pmsf
pline_bridgestone__duravis_m700_hd,DURAVIS M700 HD,brand_bridgestone,all_season
pline_bridgestone__potenza_sport_mo1,POTENZA SPORT MO1,brand_bridgestone,summer
pline_bridgestone__blizzak_lm_25_4x4,BLIZZAK LM-25 4X4,brand_bridgestone,winter
pline_bridgestone__blizzak_lm_500,BLIZZAK LM-500,brand_bridgestone,winter
pline_bridgestone__turanza_t001_rft,TURANZA T001 RFT,brand_bridgestone,all_season
pline_bridgestone__potenza_re050a_ii_rft,POTENZA RE050A II RFT,brand_bridgestone,summer
pline_bridgestone__turanza_t005a,TURANZA T005A,brand_bridgestone,all_season
pline_bridgestone__ecopia_ep600,ECOPIA EP600,brand_bridgestone,all_season
pline_bridgestone__turanza_er300_rft,TURANZA ER300 RFT,brand_bridgestone,all_season
pline_bridgestone__dueler_h_p_sport_mo,DUELER H/P SPORT MO,brand_bridgestone,summer
pline_bridgestone__tempa_spare_tracompa_tr2,TEMPA SPARE TRACOMPA TR2,brand_bridgestone,all_season
pline_bridgestone__dueler_a_t_002,DUELER A/T 002,brand_bridgestone,all_weather_3pmsf
pline_bridgestone__potenza_re97as_02,POTENZA RE97AS-02,brand_bridgestone,summer
pline_bridgestone__dueler_a_t_002_rft,DUELER A/T 002 RFT,brand_bridgestone,all_weather_3pmsf
pline_firestone__destination_hlt,DESTINATION HLT,brand_firestone,all_season
pline_bridgestone__potenza_s_02a,POTENZA S-02A,brand_bridgestone,summer
pline_bridgestone__potenza_s007_rft,POTENZA S007 RFT,brand_bridgestone,summer
pline_bridgestone__trr,TRR,brand_bridgestone,all_season
pline_bridgestone__potenza_re92,POTENZA RE92,brand_bridgestone,summer
pline_bridgestone__dueler_a_t_693_iii,DUELER A/T 693 III,brand_bridgestone,all_weather_3pmsf
pline_bridgestone__blizzak_w965,BLIZZAK W965,brand_bridgestone,winter
pline_bridgestone__alenza_h_l_33,ALENZA H/L 33,brand_bridgestone,all_season
pline_bridgestone__dueler_h_p_sport_ext,DUELER H/P SPORT EXT,brand_bridgestone,summer
pline_firestone__hlt,HLT,brand_firestone,all_season
pline_bridgestone__blizzak_dm_v1,BLIZZAK DM-V1,brand_bridgestone,winter
pline_bridgestone__potenza_re97as_rft_sp,POTENZA RE97AS RFT SP,brand_bridgestone,summer
pline_bridgestone__blizzak_lm_80_rft,BLIZZAK LM-80 RFT,brand_bridgestone,winter
pline_bridgestone__dueler_h_l_422_plus,DUELER H/L 422 PLUS,brand_bridgestone,all_season
pline_bridgestone__alenza_001_moe,ALENZA 001 MOE,brand_bridgestone,all_season
pline_bridgestone__turanza_er300_ecopia,TURANZA ER300 ECOPIA,brand_bridgestone,all_season
pline_bridgestone__blizzak_lm_25_4x4_rft,BLIZZAK LM-25 4X4 RFT,brand_bridgestone,winter
pline_bridgestone__dueler_h_l_400_moe,DUELER H/L 400 MOE,brand_bridgestone,all_season
pline_bridgestone__dueler_h_t_687,DUELER H/T 687,brand_bridgestone,all_season
pline_bridgestone__potenza_re71_rft,POTENZA RE71 RFT,brand_bridgestone,summer
pline_bridgestone__potenza_re050,POTENZA RE050,brand_bridgestone,summer
pline_bridgestone__m779,M779,brand_bridgestone,all_season
pline_bridgestone__potenza_re98as,POTENZA RE98AS,brand_bridgestone,summer
pline_bridgestone__blizzak_lm_50_rft,BLIZZAK LM-50 RFT,brand_bridgestone,winter
pline_bridgestone__turanza_el42_rft,TURANZA EL42 RFT,brand_bridgestone,all_season
pline_bridgestone__turanza_el400_rft,TURANZA EL400 RFT,brand_bridgestone,all_season
pline_bridgestone__blizzak_lm_25_4x4_moe,BLIZZAK LM-25 4X4 MOE,brand_bridgestone,winter
pline_bridgestone__temp_spare_tracompa,TEMP SPARE TRACOMPA,brand_bridgestone,all_season
pline_bridgestone__blizzak_lm_25,BLIZZAK LM-25,brand_bridgestone,winter
pline_bridgestone__turanza_er300_2_rft,TURANZA ER300-2 RFT,brand_bridgestone,all_season
pline_bridgestone__turanza_t001_moe,TURANZA T001 MOE,brand_bridgestone,all_season
pline_bridgestone__blizzak_lm001_moe,BLIZZAK LM001 MOE,brand_bridgestone,winter
pline_bridgestone__turanza_ls100_moe_sp,TURANZA LS100 MOE SP,brand_bridgestone,all_season
pline_firestone__champion_fuel_fighter,CHAMPION FUEL FIGHTER,brand_firestone,all_season
pline_bridgestone__turanza_er300a_rft,TURANZA ER300A RFT,brand_bridgestone,all_season
pline_bridgestone__dueler_h005,DUELER H005,brand_bridgestone,all_season
pline_bfgoodrich__trail_terrain_t_a,TRAIL-TERRAIN T/A,brand_bfgoodrich,all_weather_3pmsf
pline_bfgoodrich__advantage_control,ADVANTAGE CONTROL,brand_bfgoodrich,all_season
pline_bfgoodrich__advantage_control_ht,ADVANTAGE CONTROL HT,brand_bfgoodrich,all_season
pline_bfgoodrich__advantage_t_a_h,ADVANTAGE T/A (H),brand_bfgoodrich,all_season
pline_bfgoodrich__advantage_t_a_sport,ADVANTAGE T/A SPORT,brand_bfgoodrich,all_season
pline_bfgoodrich__advantage_t_a_sport_lt,ADVANTAGE T/A SPORT LT,brand_bfgoodrich,all_season
pline_bfgoodrich__all_terrain_ta_ko2,ALL TERRAIN TA KO2,brand_bfgoodrich,all_weather_3pmsf
pline_bfgoodrich__all_terrain_ta_ko3,ALL TERRAIN TA KO3,brand_bfgoodrich,all_weather_3pmsf
pline_bfgoodrich__commercial_t_a_a_s_2,COMMERCIAL T/A A/S 2,brand_bfgoodrich,all_season
pline_bfgoodrich__elite_force_t_a,ELITE-FORCE T/A,brand_bfgoodrich,all_season
pline_bfgoodrich__g_force_comp_2_a_s,G-FORCE COMP-2 A/S+,brand_bfgoodrich,all_season
pline_bfgoodrich__g_force_phenom_t_a,G-FORCE PHENOM T/A,brand_bfgoodrich,summer
pline_bfgoodrich__g_force_sport_comp_2_w_y,"G-FORCE SPORT COMP-2 (W,Y)",brand_bfgoodrich,summer
pline_bfgoodrich__hd_pro_t_a,HD PRO T/A,brand_bfgoodrich,all_season
pline_bfgoodrich__hd_terrain_t_a_kt,HD-TERRAIN T/A KT,brand_bfgoodrich,all_season
pline_bfgoodrich__krawler_ta_kx,KRAWLER TA KX,brand_bfgoodrich,all_season
pline_bfgoodrich__long_trail_touring,LONG TRAIL TOURING,brand_bfgoodrich,all_season
pline_bfgoodrich__mud_terrain_t_a_ii,MUD TERRAIN T/A II,brand_bfgoodrich,all_season
pline_bfgoodrich__mud_terrain_t_a_km3,MUD-TERRAIN T/A KM3,brand_bfgoodrich,all_season
pline_bfgoodrich__nordic_t_a_ksi_p_met_lt,NORDIC T/A KSI (P-MET LT),brand_bfgoodrich,winter
pline_bfgoodrich__radial_t_a,RADIAL T/A,brand_bfgoodrich,all_season
pline_bfgoodrich__radial_t_a_lt,RADIAL T/A (LT),brand_bfgoodrich,all_season
pline_bfgoodrich__radial_t_a_spec_t,RADIAL T/A SPEC (T),brand_bfgoodrich,all_season
pline_bfgoodrich__winter_t_a_ksi,WINTER T/A KSI,brand_bfgoodrich,winter
pline_michelin__crossclimate2_a_w,CROSSCLIMATE2 A/W,brand_michelin,all_weather_3pmsf
pline_michelin__crossclimate2_a_w_cuv,CROSSCLIMATE2 A/W CUV,brand_michelin,all_weather_3pmsf
pline_michelin__agilis_alpin,AGILIS ALPIN,brand_michelin,winter
pline_michelin__agilis_crossclimate,AGILIS CROSSCLIMATE,brand_michelin,all_weather_3pmsf
pline_michelin__agilis_crossclimate2,AGILIS CROSSCLIMATE2,brand_michelin,all_weather_3pmsf
pline_michelin__agilis_ltx,AGILIS LTX,brand_michelin,all_season
pline_michelin__alpin_a4_h,ALPIN A4 (H),brand_michelin,winter
pline_michelin__cross_climate_h,CROSS CLIMATE+ (H),brand_michelin,all_weather_3pmsf
pline_michelin__cross_climate_v,CROSS CLIMATE+ (V),brand_michelin,all_weather_3pmsf
pline_michelin__cross_climate_z,CROSS CLIMATE+ (Z),brand_michelin,all_weather_3pmsf
pline_michelin__crossclimate_suv_hv,CROSSCLIMATE SUV HV,brand_michelin,all_weather_3pmsf
pline_michelin__defender_h,DEFENDER (H),brand_michelin,all_season
pline_michelin__defender_ltx_m_s,DEFENDER LTX M/S,brand_michelin,all_season
pline_michelin__defender_ltx_m_s_2,DEFENDER LTX M/S 2,brand_michelin,all_season
pline_michelin__defender_platinum,DEFENDER PLATINUM,brand_michelin,all_season
pline_michelin__defender2_cuv,DEFENDER2 (CUV),brand_michelin,all_season
pline_michelin__defender2_h,DEFENDER2 (H),brand_michelin,all_season
pline_michelin__diamaris,DIAMARIS,brand_michelin,summer
pline_michelin__e_primacy,E PRIMACY,brand_michelin,summer
pline_michelin__e_primacy_2,E PRIMACY 2,brand_michelin,summer
pline_michelin__e_primacy_all_season,E PRIMACY ALL SEASON,brand_michelin,all_season
pline_michelin__energy_lx4,ENERGY LX4,brand_michelin,all_season
pline_michelin__energy_saver_a_s,ENERGY SAVER A/S,brand_michelin,all_season
pline_michelin__latitude_alpin,LATITUDE ALPIN,brand_michelin,winter
pline_michelin__latitude_alpin_la2,LATITUDE ALPIN LA2,brand_michelin,winter
pline_michelin__latitude_alpin_la2_zp,LATITUDE ALPIN LA2 ZP,brand_michelin,winter
pline_michelin__latitude_cross,LATITUDE CROSS,brand_michelin,all_season
pline_michelin__latitude_sport,LATITUDE SPORT,brand_michelin,summer
pline_michelin__latitude_sport_3,LATITUDE SPORT 3,brand_michelin,summer
pline_michelin__latitude_sport_3_zp,LATITUDE SPORT 3 ZP,brand_michelin,summer
pline_michelin__latitude_tour,LATITUDE TOUR,brand_michelin,all_season
pline_michelin__latitude_tour_hp,LATITUDE TOUR HP,brand_michelin,all_season
pline_michelin__latitude_x_ice_xi2,LATITUDE X-ICE XI2,brand_michelin,winter
pline_michelin__ltx_a_t_2,LTX A/T 2,brand_michelin,all_season
pline_michelin__ltx_m_s_2,LTX M/S 2,brand_michelin,all_season
pline_michelin__ltx_trail,LTX TRAIL,brand_michelin,all_season
pline_michelin__pilot_alpin_5,PILOT ALPIN 5,brand_michelin,winter
pline_michelin__pilot_alpin_5_suv,PILOT ALPIN 5 SUV,brand_michelin,winter
pline_michelin__pilot_alpin_5_suv_zp,PILOT ALPIN 5 SUV ZP,brand_michelin,winter
pline_michelin__pilot_alpin_pa4_v,PILOT ALPIN PA4 (V),brand_michelin,winter
pline_michelin__pilot_alpin_pa4_w,PILOT ALPIN PA4 (W),brand_michelin,winter
pline_michelin__pilot_alpin_pa4_zp,PILOT ALPIN PA4 ZP,brand_michelin,winter
pline_michelin__pilot_exalto_pe2,PILOT EXALTO PE2,brand_michelin,summer
pline_michelin__pilot_mxm4_h,PILOT MXM4 (H),brand_michelin,all_season
pline_michelin__pilot_sp_a_s_plus_v,PILOT SP A/S PLUS (V),brand_michelin,all_season
pline_michelin__pilot_sport,PILOT SPORT,brand_michelin,summer
pline_michelin__pilot_sport_2_zp,PILOT SPORT 2 ZP,brand_michelin,summer
pline_michelin__pilot_sport_3,PILOT SPORT 3,brand_michelin,summer
pline_michelin__pilot_sport_4,PILOT SPORT 4,brand_michelin,summer
pline_michelin__pilot_sport_4_s,PILOT SPORT 4 S,brand_michelin,summer
pline_michelin__pilot_sport_4_s_zp,PILOT SPORT 4 S (ZP),brand_michelin,summer
pline_michelin__pilot_sport_4_suv,PILOT SPORT 4 SUV,brand_michelin,summer
pline_michelin__pilot_sport_5,PILOT SPORT 5,brand_michelin,summer
pline_michelin__pilot_sport_a_s,PILOT SPORT A/S,brand_michelin,all_season
pline_michelin__pilot_sport_a_s_3,PILOT SPORT A/S 3,brand_michelin,all_season
pline_michelin__pilot_sport_a_s_3_zp,PILOT SPORT A/S 3+ ZP,brand_michelin,all_season
pline_michelin__pilot_sport_a_s_4,PILOT SPORT A/S 4,brand_michelin,all_season
pline_michelin__pilot_sport_a_s_4_zp,PILOT SPORT A/S 4 ZP,brand_michelin,all_season
pline_michelin__pilot_sport_cup_2,PILOT SPORT CUP 2,brand_michelin,summer
pline_michelin__pilot_sport_ev,PILOT SPORT EV,brand_michelin,summer
pline_michelin__pilot_sport_ps2,PILOT SPORT PS2,brand_michelin,summer
pline_michelin__pilot_sport_s_5,PILOT SPORT S 5,brand_michelin,summer
pline_michelin__pilot_super_sport,PILOT SUPER SPORT,brand_michelin,summer
pline_michelin__pilot_super_sport_zp,PILOT SUPER SPORT ZP,brand_michelin,summer
pline_michelin__premier_a_s_v_h,PREMIER A/S (V/H),brand_michelin,all_season
pline_michelin__premier_ltx,PREMIER LTX,brand_michelin,all_season
pline_michelin__primacy_3,PRIMACY 3,brand_michelin,summer
pline_michelin__primacy_3_zp_h,PRIMACY 3 ZP (H),brand_michelin,summer
pline_michelin__primacy_3_zp_z,PRIMACY 3 ZP (Z),brand_michelin,summer
pline_michelin__primacy_4_st_v,PRIMACY 4 ST (V),brand_michelin,summer
pline_michelin__primacy_4_zp,PRIMACY 4 ZP,brand_michelin,summer
pline_michelin__primacy_4,PRIMACY 4+,brand_michelin,summer
pline_michelin__primacy_a_s,PRIMACY A/S,brand_michelin,all_season
pline_michelin__primacy_hp,PRIMACY HP,brand_michelin,summer
pline_michelin__primacy_ltx,PRIMACY LTX,brand_michelin,all_season
pline_michelin__primacy_mxm4,PRIMACY MXM4,brand_michelin,all_season
pline_michelin__primacy_mxv4_t,PRIMACY MXV4 (T),brand_michelin,all_season
pline_michelin__primacy_mxv4_v,PRIMACY MXV4 (V),brand_michelin,all_season
pline_michelin__primacy_tour_a_s,PRIMACY TOUR A/S,brand_michelin,all_season
pline_michelin__primacy_tour_a_s_h,PRIMACY TOUR A/S (H),brand_michelin,all_season
pline_michelin__primacy_tour_a_s_v,PRIMACY TOUR A/S (V),brand_michelin,all_season
pline_michelin__primacy_tour_a_s_z,PRIMACY TOUR A/S (Z),brand_michelin,all_season
pline_michelin__primacy_xc,PRIMACY XC,brand_michelin,all_season
pline_michelin__x_ice_north_4,X-ICE NORTH 4,brand_michelin,winter
pline_michelin__x_ice_snow,X-ICE SNOW,brand_michelin,winter
pline_michelin__x_ice_x13_t,X-ICE X13 (T),brand_michelin,winter
pline_michelin__x_ice_xi3_h,X-ICE XI3 (H),brand_michelin,winter
pline_uniroyal__laredo_a_t,LAREDO A/T,brand_uniroyal,all_season
pline_uniroyal__laredo_cross_country,LAREDO CROSS COUNTRY,brand_uniroyal,all_season
pline_uniroyal__laredo_crs_ctry_tour,LAREDO CRS CTRY TOUR,brand_uniroyal,all_season
pline_uniroyal__laredo_ht,LAREDO HT,brand_uniroyal,all_season
pline_uniroyal__power_paw,POWER PAW,brand_uniroyal,all_season
pline_uniroyal__tiger_paw_awp_2,TIGER PAW AWP 2,brand_uniroyal,all_season
pline_uniroyal__tiger_paw_gtz_a_s_2,TIGER PAW GTZ A/S 2,brand_uniroyal,all_season
pline_uniroyal__tiger_paw_ice_snow,TIGER PAW ICE & SNOW,brand_uniroyal,winter
pline_uniroyal__tiger_paw_touring_a_s,TIGER PAW TOURING A/S,brand_uniroyal,all_season
pline_michelin__xis,XIS+,brand_michelin,
pline_michelin__pscup2_r,PSCUP2 R,brand_michelin,
pline_michelin__xps_rib,XPS RIB,brand_michelin,
pline_michelin__agilis_hdz,AGILIS HDZ,brand_michelin,
pline_michelin__xfzh,XFZH,brand_michelin,
pline_michelin__e_prmcyas,E.PRMCYAS,brand_michelin,
pline_bfgoodrich__trterta,TRTERTA+,brand_bfgoodrich,
pline_bfgoodrich__kr3,KR3,brand_bfgoodrich,
pline_michelin__pa5,PA5,brand_michelin,
pline_michelin__crosclima,CROSCLIMA+,brand_michelin,
pline_michelin__xze2,XZE2,brand_michelin,
pline_michelin__crsclmt2aw,CRSCLMT2AW,brand_michelin,
pline_michelin__crosclisuv,CROSCLISUV,brand_michelin,
pline_michelin__pil_sptas4,PIL SPTAS4,brand_michelin,
pline_bfgoodrich__at_tako3,AT/TAKO3,brand_bfgoodrich,
pline_michelin__psallseas4,PSALLSEAS4,brand_michelin,
pline_michelin__p_spt_cup2,P SPT CUP2,brand_michelin,
pline_michelin__ps_ev,PS EV,brand_michelin,
pline_michelin__pilspor4s,PILSPOR4S,brand_michelin,
pline_michelin__xfzl,XFZL,brand_michelin,
pline_michelin__ltx_at2,LTX AT2,brand_michelin,
pline_michelin__ps_s_5,PS S 5,brand_michelin,
pline_michelin__pilsp4,PILSP4,brand_michelin,
pline_michelin__xzl,XZL,brand_michelin,
pline_michelin__ps5nrg,PS5NRG,brand_michelin,
pline_michelin__aglshdgrpd,AGLSHDGRPD,brand_michelin,
pline_michelin__ps5,PS5,brand_michelin,
pline_fisk__classic,CLASSIC,brand_fisk,
pline_michelin__primtouras,PRIMTOURAS,brand_michelin,
pline_bfgoodrich__kr,KR,brand_bfgoodrich,
pline_bfgoodrich__mdtrta_km3,MDTRTA KM3,brand_bfgoodrich,
pline_bfgoodrich__rctrld,RCTRLD,brand_bfgoodrich,
pline_michelin__premier_as,PREMIER AS,brand_michelin,
pline_michelin__pcy5_nrg,PCY5 NRG,brand_michelin,
pline_michelin__primacyas,PRIMACYAS,brand_michelin,
pline_michelin__alpin_5,ALPIN 5,brand_michelin,
pline_michelin__c_tb15_us,C-TB15+US,brand_michelin,
pline_michelin__xmz,XMZ,brand_michelin,
pline_michelin__xin4_suv,XIN4 SUV,brand_michelin,
pline_bfgoodrich__at_tako2,AT/TAKO2,brand_bfgoodrich,
pline_michelin__xps_tract,XPS TRACT,brand_michelin,
pline_bfgoodrich__gfrcphenta,GFRCPHENTA,brand_bfgoodrich,
pline_michelin__xrv,XRV,brand_michelin,
pline_michelin__xds_2,XDS 2,brand_michelin,
pline_michelin__la_sport_3,LA SPORT 3,brand_michelin,
pline_michelin__xml,XML,brand_michelin,
pline_michelin__agiliscc2,AGILISCC2,brand_michelin,
pline_michelin__agilhdas,AGILHDAS,brand_michelin,
pline_michelin__xin4,XIN4,brand_michelin,
pline_michelin__pa5_suv,PA5 SUV,brand_michelin,
pline_bfgoodrich__krawlrtakx,KRAWLRTAKX,brand_bfgoodrich,
pline_bfgoodrich__e_forceta,E-FORCETA,brand_bfgoodrich,
pline_michelin__pcy_suv,PCY SUV,brand_michelin,
pline_michelin__dfndrltxms,DFNDRLTXMS,brand_michelin,
pline_michelin__ps4_suv,PS4 SUV,brand_michelin,
pline_michelin__lat_sport,LAT SPORT,brand_michelin,
pline_bfgoodrich__rctrls,RCTRLS,brand_bfgoodrich,
pline_michelin__pss6,PSS6,brand_michelin,
pline_michelin__xfz,XFZ,brand_michelin,
pline_michelin__xlez,XLEZ,brand_michelin,
pline_michelin__pilalp4,PILALP4,brand_michelin,
pline_michelin__prim_mxv4,PRIM MXV4,brand_michelin,
pline_michelin__defender2,DEFENDER2,brand_michelin,
pline_uniroyal__tp_gtz_as,TP GTZ AS,brand_uniroyal,
pline_michelin__premltx,PREMLTX,brand_michelin,
pline_michelin__enrgysvras,ENRGYSVRAS,brand_michelin,
pline_michelin__xty2,XTY2,brand_michelin,
pline_michelin__lattourhp,LATTOURHP,brand_michelin,
pline_anchee__ac818,AC818,brand_anchee,all_season
pline_anchee__ac828,AC828,brand_anchee,
pline_ilink__thunder_u09,THUNDER U09,brand_ilink,
pline_continental__contiscontact,CONTISCONTACT,brand_continental,
pline_goodyear__convenience_spare,CONVENIENCE SPARE,brand_goodyear,
pline_continental__contivikingcontact_7,CONTIVIKINGCONTACT 7,brand_continental,all_weather_3pmsf
pline_ovation__ecovision_vi_682,ECOVISION VI-682,brand_ovation,
pline_ovation__winter_w586,WINTER W586,brand_ovation,winter
pline_continental__contiprocontact,CONTIPROCONTACT,brand_continental,all_season
pline_continental__contiwintercontact_ts800,CONTIWINTERCONTACT TS800,brand_continental,winter
pline_nokian__hakkapeliitta_r5,HAKKAPELIITTA R5,brand_nokian,winter
pline_ovation__vi_786_a_s,VI-786 A/S,brand_ovation,all_season
pline_goodyear__convenience_spare_nylon,CONVENIENCE SPARE NYLON,brand_goodyear,
pline_carlisle__turf_master,Turf Master,brand_carlisle,
pline_nexen__n_priz_ah5,N'PRIZ AH5,brand_nexen,
pline_continental__conticst17,CONTICST17,brand_continental,
pline_maxtrek__maximus_m1,MAXIMUS M1,brand_maxtrek,
pline_goodyear__assurance_fuel_max,ASSURANCE FUEL MAX,brand_goodyear,all_season
pline_kumho__ha32,HA32,brand_kumho,all_weather_3pmsf
pline_nexen__winguard_winspike_3,WINGUARD WINSPIKE 3,brand_nexen,
pline_ovation__winter_w686,WINTER W686,brand_ovation,winter
pline_continental__contiicecontact_xtrm,CONTIICECONTACT XTRM,brand_continental,winter
pline_continental__contipremiumcontact_2,CONTIPREMIUMCONTACT 2,brand_continental,
pline_goodyear__wintercommand_ultra,WINTERCOMMAND ULTRA,brand_goodyear,winter
pline_greentrac__winter_master_d1,WINTER MASTER-D1,brand_greentrac,winter
pline_nokian__wrg4,WRG4,brand_nokian,all_weather_3pmsf
pline_pirelli__ice_zero_asimmetrico,ICE ZERO ASIMMETRICO,brand_pirelli,winter
pline_sumitomo__ice_edge,ICE EDGE,brand_sumitomo,winter
pline_kumho__solus_ta11,SOLUS TA11,brand_kumho,
pline_ovation__mastertrack,MASTERTRACK,brand_ovation,
pline_general_tire__altimax_rt45,ALTIMAX RT45,brand_general_tire,
pline_greentrac__journey_x,JOURNEY-X,brand_greentrac,
pline_nexen__n_blue_4s,N'BLUE 4S,brand_nexen,
pline_ovation__vo_2,VO-2,brand_ovation,
pline_continental__contiprocontact_tx,CONTIPROCONTACT TX,brand_continental,all_season
pline_ovation__vi_388_hpas,VI-388 HPAS,brand_ovation,
pline_goodyear__integrity,INTEGRITY,brand_goodyear,
pline_kumho__solus_ha32,SOLUS HA32,brand_kumho,
pline_dunlop__sp_sport_7000,SP SPORT 7000,brand_dunlop,all_season
pline_nexen__n_priz_ah8,N'PRIZ AH8,brand_nexen,
pline_goodyear__assurance_all_season,ASSURANCE ALL-SEASON,brand_goodyear,all_season
pline_maxtrek__trek_m7,TREK M7,brand_maxtrek,
pline_maxtrek__trek_m900_ice,TREK M900 ICE,brand_maxtrek,winter
pline_nexen__euro_win,EURO-WIN,brand_nexen,
pline_nokian__one,ONE,brand_nokian,
pline_nokian__one_ht,ONE HT,brand_nokian,
pline_nokian__wr_c3,WR C3,brand_nokian,all_weather_3pmsf
pline_ilink__zmax,ZMAX,brand_ilink,
pline_nexen__roadian_ct8_hl,ROADIAN CT8 HL,brand_nexen,
pline_toyo__extensa_a_s_ii,EXTENSA A/S II,brand_toyo,all_season
pline_cooper__endeavor,ENDEAVOR,brand_cooper,
pline_goodyear__ultragrip_9,ULTRAGRIP 9+,brand_goodyear,winter
pline_greentrac__season_master,SEASON MASTER,brand_greentrac,all_weather_3pmsf
pline_kapsen__h202,H202,brand_kapsen,all_season
pline_yokohama__avid_ascend_gt,AVID ASCEND GT,brand_yokohama,
pline_mirage__mr_182,MR-182,brand_mirage,
pline_nexen__winguard_sport,WINGUARD SPORT,brand_nexen,
pline_pirelli__cinturato_p7_a_s,CINTURATO P7 A/S,brand_pirelli,all_season
pline_hankook__ventus_r_s4_z232,VENTUS R-S4 Z232,brand_hankook,summer
pline_antares__ingens_a1,INGENS A1,brand_antares,
pline_continental__contiwintercontact_ts830p,CONTIWINTERCONTACT TS830P,brand_continental,winter
pline_nexen__n_fera_supreme,N'FERA SUPREME,brand_nexen,
pline_goodyear__ultra_grip_performance_3,ULTRA GRIP PERFORMANCE 3,brand_goodyear,winter
pline_continental__contitruecontact_tour_54,CONTITRUECONTACT TOUR 54,brand_continental,
pline_goodyear__assurance_weatherready,ASSURANCE WEATHERREADY,brand_goodyear,all_weather_3pmsf
pline_goodyear__efficient_grip_performance,EFFICIENT GRIP PERFORMANCE,brand_goodyear,all_weather_3pmsf
pline_pirelli__cinturato_p1,CINTURATO P1,brand_pirelli,
pline_pirelli__cinturato_winter_2,CINTURATO WINTER 2,brand_pirelli,winter
pline_falken__aklimate,AKLIMATE,brand_falken,all_weather_3pmsf
pline_goodyear__eagle_rs_a,EAGLE RS-A,brand_goodyear,
pline_toyo__observe_gsi_6_ls,OBSERVE GSi-6 LS,brand_toyo,
pline_dunlop__sp_sport_5000_symmetric,SP SPORT 5000 SYMMETRIC,brand_dunlop,
pline_cooper__discoverer_true_north,DISCOVERER TRUE NORTH,brand_cooper,
pline_cooper__evolution_winter,EVOLUTION WINTER,brand_cooper,winter
pline_general_tire__altimax_365aw,ALTIMAX 365AW,brand_general_tire,all_weather_3pmsf
pline_general_tire__altimax_arctic_12,ALTIMAX ARCTIC 12,brand_general_tire,
pline_goodyear__assurance_maxlife,ASSURANCE MAXLIFE,brand_goodyear,all_season
pline_goodyear__eagle_ls_2,EAGLE LS-2,brand_goodyear,
pline_greentrac__greentrac_journey_x,GREENTRAC JOURNEY-X,brand_greentrac,
pline_hankook__kinergy_gt_h436,KINERGY GT H436,brand_hankook,
pline_kumho__solus_ta31,SOLUS TA31,brand_kumho,
pline_laufenn__i_fit_ice,I FIT ICE,brand_laufenn,winter
pline_maxtrek__maximus_m2,MAXIMUS M2,brand_maxtrek,
pline_michelin__defender,DEFENDER,brand_michelin,all_season
pline_nexen__aria_ah7,ARIA AH7,brand_nexen,
pline_nexen__cp662,CP662,brand_nexen,
pline_nexen__cp671,CP671,brand_nexen,
pline_nexen__n_blue_4season_2,N'BLUE 4SEASON 2,brand_nexen,
pline_nexen__winguard_sport_2,WINGUARD SPORT 2,brand_nexen,
pline_nokian__remedy_wrg5,REMEDY WRG5,brand_nokian,all_weather_3pmsf
pline_pirelli__ice_friction,ICE FRICTION,brand_pirelli,winter
pline_toyo__celsius,CELSIUS,brand_toyo,all_weather_3pmsf
pline_toyo__observe_g3_ice,OBSERVE G3-ICE,brand_toyo,winter
pline_yokohama__iceguard_ig53,ICEGUARD IG53,brand_yokohama,winter
pline_nokian__hakkapeliitta_cr4,HAKKAPELIITTA CR4,brand_nokian,winter
pline_nexen__n_blue_4s_van,N'BLUE 4S VAN,brand_nexen,
pline_nexen__winguard_wt1,WINGUARD WT1,brand_nexen,
pline_continental__contivancontact_a_s,CONTIVANCONTACT A/S,brand_continental,all_season
pline_pirelli__scorpion_str,SCORPION STR,brand_pirelli,
pline_roadboss__nixvia_w301,NIXVIA W301,brand_roadboss,winter
pline_falken__zeix_ze960_a_s,ZEIX ZE960 A/S,brand_falken,all_season
pline_hankook__ventus_v2_concept2_h457,VENTUS V2 CONCEPT2 H457,brand_hankook,summer
pline_goodyear__eagle_f1_asymmetric_3,EAGLE F1 ASYMMETRIC 3,brand_goodyear,all_weather_3pmsf
pline_pirelli__p_zero,P ZERO,brand_pirelli,summer
pline_kinforest__kf550_uhp,KF550 UHP,brand_kinforest,
pline_continental__contiextremecontact_dws_06_plus,CONTIEXTREMECONTACT DWS 06 PLUS,brand_continental,
pline_continental__contiextremecontact_sport_02,CONTIEXTREMECONTACT SPORT 02,brand_continental,
pline_antares__grip_20,GRIP 20,brand_antares,
pline_bridgestone__potenza_re980as,POTENZA RE980AS+,brand_bridgestone,summer
pline_continental__contiprocontact_ssr,CONTIPROCONTACT SSR,brand_continental,all_season
pline_continental__contisportcontact_3_ssr,CONTISPORTCONTACT 3 SSR,brand_continental,
pline_goodyear__eagle_exhilarate,EAGLE EXHILARATE,brand_goodyear,
pline_goodyear__eagle_f1_supercar_3r,EAGLE F1 SUPERCAR 3R,brand_goodyear,summer
pline_goodyear__eagle_sport_a_s,EAGLE SPORT A/S,brand_goodyear,all_season
pline_goodyear__efficient_grip_performance_2,EFFICIENT GRIP PERFORMANCE 2,brand_goodyear,
pline_nokian__surpass_as01,SURPASS AS01,brand_nokian,
pline_ovation__vi_588_sport,VI-588 SPORT,brand_ovation,
pline_pirelli__cinturato_p7,CINTURATO P7,brand_pirelli,
pline_pirelli__cinturato_p7_a_s_elt,CINTURATO P7 A/S ELT,brand_pirelli,all_season
pline_pirelli__cinturato_p7_p7c2,CINTURATO P7 P7C2,brand_pirelli,
pline_continental__contiwintercontact_ts_860_s,CONTIWINTERCONTACT TS 860 S,brand_continental,winter
pline_continental__contiwintercontact_ts860_s,CONTIWINTERCONTACT TS860 S,brand_continental,winter
pline_goodyear__ultra_grip_performance_gen_1,ULTRA GRIP PERFORMANCE GEN-1,brand_goodyear,winter
pline_nexen__n_fera_sport_r,N'FERA SPORT R,brand_nexen,
pline_minerva__s210,S210,brand_minerva,winter
pline_falken__eurowinter_hs01,EUROWINTER HS01,brand_falken,winter
pline_goodyear__assurance_weatherready_2,ASSURANCE WEATHERREADY 2,brand_goodyear,all_weather_3pmsf
pline_greentrac__quest_x,Quest-X,brand_greentrac,
pline_kelly__edge_touring_a_s,EDGE TOURING A/S,brand_kelly,all_season
pline_nokian__hakkapeliitta_10,HAKKAPELIITTA 10,brand_nokian,winter
pline_ovation__ecovision_ev_582,ECOVISION EV-582,brand_ovation,
pline_ovation__ev_582_a_s,EV-582 A/S,brand_ovation,all_season
pline_ilink__thunder_u09_uhp,THUNDER U09 UHP,brand_ilink,
pline_antares__lumi_001,LUMI 001,brand_antares,
pline_continental__contiecocontact_5,CONTIECOCONTACT 5,brand_continental,
pline_continental__contiwintercontact_ts_860_s_ssr,CONTIWINTERCONTACT TS 860 S SSR,brand_continental,winter
pline_continental__contiwintercontact_ts860_s_ssr,CONTIWINTERCONTACT TS860 S SSR,brand_continental,winter
pline_cooper__tractioncommand,TRACTIONCOMMAND,brand_cooper,all_weather_3pmsf
pline_goodyear__assurance_comfortdrive,ASSURANCE COMFORTDRIVE,brand_goodyear,all_season
pline_goodyear__assurance_maxlife_2,ASSURANCE MAXLIFE 2,brand_goodyear,all_season
pline_goodyear__wintercommand,WINTERCOMMAND,brand_goodyear,winter
pline_hankook__kinergy,KINERGY,brand_hankook,
pline_ironman__gr906,GR906,brand_ironman,
pline_kelly__edge_touring_plus,EDGE TOURING PLUS,brand_kelly,all_season
pline_laufenn__g_fit,G FIT,brand_laufenn,all_season
pline_laufenn__i_fit,I FIT,brand_laufenn,winter
pline_minerva__f209,F209,brand_minerva,
pline_nordman__solstice_4,SOLSTICE 4,brand_nordman,winter
pline_ovation__w586,W586,brand_ovation,winter
pline_pirelli__cinturato_weatheractive,CINTURATO WEATHERACTIVE,brand_pirelli,
pline_roadx__rxmotion_4s,RXMOTION 4S,brand_roadx,all_weather_3pmsf
pline_toyo__observe_gsi_6_hp,OBSERVE GSI-6 HP,brand_toyo,
pline_yokohama__avid_s30b,AVID S30B,brand_yokohama,
pline_continental__contisportcontact_3,CONTISPORTCONTACT 3,brand_continental,
pline_continental__contiwintercontact_ts830p_ssr,CONTIWINTERCONTACT TS830P SSR,brand_continental,winter
pline_continental__contiwintercontact_ts850p,CONTIWINTERCONTACT TS850P,brand_continental,winter
pline_cooper__procontrol,PROCONTROL,brand_cooper,
pline_kapsen__rw501_snow,RW501 SNOW,brand_kapsen,winter
pline_rovelo__arctic_vision,ARCTIC VISION,brand_rovelo,
pline_kapsen__k3000,K3000,brand_kapsen,
pline_continental__contipremiumcontact_5,CONTIPREMIUMCONTACT 5,brand_continental,
pline_continental__procontact_tx_touring,PROCONTACT TX - Touring,brand_continental,all_season
pline_continental__vikingcontact,VIKINGCONTACT,brand_continental,
pline_laufenn__i_fit_ice_lw71,I FIT ICE LW71,brand_laufenn,winter
pline_michelin__defender_2,DEFENDER 2,brand_michelin,all_season
pline_nexen__n_blue_ev,N'BLUE EV,brand_nexen,
pline_nexen__n_fera_au7,N'FERA AU7,brand_nexen,
pline_nexen__n_priz_s,N'PRIZ S,brand_nexen,
pline_ovation__ecovision_w686,ECOVISION W686,brand_ovation,winter
pline_pirelli__cinturato_p7_a_s_ii,CINTURATO P7 A/S+ II,brand_pirelli,all_season
pline_toyo__extensa_ii,EXTENSA II,brand_toyo,all_season
pline_westlake__z_401,Z-401,brand_westlake,all_weather_3pmsf
pline_ilink__l_grip66,L-GRIP66,brand_ilink,
pline_kapsen__aw33,AW33,brand_kapsen,winter
pline_goodyear__cargo,CARGO,brand_goodyear,
pline_goodyear__assurance_rangemax,ASSURANCE RANGEMAX,brand_goodyear,all_season
pline_goodyear__ultra_grip_performance_8,ULTRA GRIP PERFORMANCE 8,brand_goodyear,winter
pline_kapsen__h202_comfortmax_as,H202 COMFORTMAX AS,brand_kapsen,all_season
pline_goodride__rp28,RP28,brand_goodride,
pline_nexen__roadian_atx,ROADIAN ATX,brand_nexen,all_weather_3pmsf
pline_nexen__roadian_gtx,ROADIAN GTX,brand_nexen,
pline_nokian__outpost_apt,OUTPOST APT,brand_nokian,all_weather_3pmsf
pline_toyo__celsius_cargo,CELSIUS CARGO,brand_toyo,all_weather_3pmsf
pline_goodyear__eagle_f1_asym_6,EAGLE F1 ASYM 6,brand_goodyear,summer
pline_continental__contisportcontact_2,CONTISPORTCONTACT 2,brand_continental,
pline_continental__contisportcontact_7,CONTISPORTCONTACT 7,brand_continental,
pline_nexen__n_fera_su1,N'FERA SU1,brand_nexen,
pline_triangle__sportex,SPORTEX,brand_triangle,
pline_cooper__cobra_instinct,COBRA INSTINCT,brand_cooper,
pline_goodyear__eagle_f1_all_season,EAGLE F1 ALL SEASON,brand_goodyear,all_season
pline_goodyear__eagle_f1_asymmetric_6,EAGLE F1 ASYMMETRIC 6,brand_goodyear,summer
pline_kapsen__h2000,H2000,brand_kapsen,all_season
pline_laufenn__s_fit_as_lh01,S FIT AS LH01,brand_laufenn,all_season
pline_continental__extremecontactdws_06_plus,EXTREMECONTACTDWS 06 PLUS,brand_continental,
pline_pirelli__cinturato_winter_2_s_i_elt,CINTURATO WINTER 2 S-i ELT,brand_pirelli,winter
pline_continental__contisportcontact_5,CONTISPORTCONTACT 5,brand_continental,
pline_continental__contiwintercontact_ts_850_p,CONTIWINTERCONTACT TS 850 P,brand_continental,winter
pline_goodyear__electricdrive_2_sct,ELECTRICDRIVE 2 SCT,brand_goodyear,
pline_goodyear__electricdrive_sct,ELECTRICDRIVE SCT,brand_goodyear,
pline_goodyear__ultra_grip_performance,ULTRA GRIP PERFORMANCE +,brand_goodyear,winter
pline_roadx__rxmotion_4s1,RXMOTION 4S1,brand_roadx,all_weather_3pmsf
pline_goodyear__assurance_finesse,ASSURANCE FINESSE,brand_goodyear,all_season
pline_nokian__hakkapeliitta_r5_ev,HAKKAPELIITTA R5 EV,brand_nokian,winter
pline_pirelli__cinturato_winter_2_elt,CINTURATO WINTER 2 ELT,brand_pirelli,winter
pline_hankook__weatherflex_gt_h755,WEATHERFLEX GT H755,brand_hankook,
pline_kumho__solus_ta51,SOLUS TA51,brand_kumho,
pline_westlake__sw608,SW608,brand_westlake,
pline_yokohama__avid_ascend_lx,AVID ASCEND LX,brand_yokohama,
pline_continental__vikingcontact_7,VIKINGCONTACT 7,brand_continental,
pline_cooper__discoverer_enduramax,DISCOVERER ENDURAMAX,brand_cooper,all_weather_3pmsf
pline_cooper__zeon_rs3_g1,ZEON RS3-G1,brand_cooper,
pline_hercules__avalanche_rt,AVALANCHE RT,brand_hercules,
pline_nexen__n_fera_ah8,N'FERA AH8,brand_nexen,
pline_pirelli__cinturato_winter_2_s_i,CINTURATO WINTER 2 S-i,brand_pirelli,winter
pline_continental__conticrosscontact_lx25,CONTICROSSCONTACT LX25,brand_continental,
pline_nokian__hakkapeliitta_r5_suv,HAKKAPELIITTA R5 SUV,brand_nokian,winter
pline_nokian__wrg4_suv,WRG4 SUV,brand_nokian,all_weather_3pmsf
pline_ovation__ecovision_vi_386hp,ECOVISION VI-386HP,brand_ovation,
pline_ilink__multimatch_a_s,MULTIMATCH A/S,brand_ilink,all_season
pline_general_tire__altimax_arctic12,ALTIMAX ARCTIC12,brand_general_tire,
pline_ilink__99h_xl,99H XL,brand_ilink,winter
pline_maxtrek__trek_m7_plus,TREK M7 PLUS,brand_maxtrek,
pline_continental__conticrosscontact_lx_sport,CONTICROSSCONTACT LX SPORT,brand_continental,
pline_continental__conticrosscontact_rx,CONTICROSSCONTACT RX,brand_continental,
pline_cooper__endeavor_plus,ENDEAVOR PLUS,brand_cooper,
pline_goodyear__ultragrip_performance_suv,ULTRAGRIP PERFORMANCE+ SUV,brand_goodyear,winter
pline_ovation__ecovision_vi_286ht,ECOVISION VI-286HT,brand_ovation,
pline_yokohama__iceguard_g075,ICEGUARD G075,brand_yokohama,winter
pline_continental__contiwintercontact_ts_850_p_ssr,CONTIWINTERCONTACT TS 850 P SSR,brand_continental,winter
pline_continental__contiwintercontact_ts850p_ssr,CONTIWINTERCONTACT TS850P SSR,brand_continental,winter
pline_continental__conti4x4contact,CONTI4X4CONTACT,brand_continental,
pline_kelly__edge,EDGE,brand_kelly,all_season
pline_antares__majoris_r1,MAJORIS R1,brand_antares,
pline_falken__wildpeak_h_t01a,WILDPEAK H/T01A,brand_falken,
pline_fortune__fsr602,FSR602,brand_fortune,all_season
pline_kapsen__rs21_suv,RS21 SUV,brand_kapsen,
pline_minerva__frostrack_uhp,FROSTRACK UHP,brand_minerva,
pline_toyo__observe_gsi6_ls,OBSERVE GSi6-LS,brand_toyo,
pline_antares__comfort_a5,COMFORT A5,brand_antares,
pline_continental__conticrosscontact_lx,CONTICROSSCONTACT LX,brand_continental,
pline_kapsen__winter_rw516,WINTER RW516,brand_kapsen,winter
pline_goodride__su318,SU318,brand_goodride,
pline_nokian__outpost_nat,OUTPOST nAT,brand_nokian,all_weather_3pmsf
pline_hankook__h436,H436,brand_hankook,
pline_continental__contisportcontact_5p,CONTISPORTCONTACT 5P,brand_continental,
pline_goodyear__eagle_f1_supersport,EAGLE F1 SUPERSPORT,brand_goodyear,summer
pline_continental__contiecocontact_6_ssr,CONTIECOCONTACT 6 SSR,brand_continental,
pline_continental__extremecontact_dws_06_plus,EXTREMECONTACT DWS 06 PLUS,brand_continental,
pline_continental__contiprocontact_gx_ssr,CONTIPROCONTACT GX SSR,brand_continental,all_season
pline_continental__contisportcontact_5_ssr,CONTISPORTCONTACT 5 SSR,brand_continental,
pline_goodyear__eagle_f1_asymmetric_2,EAGLE F1 ASYMMETRIC 2,brand_goodyear,all_weather_3pmsf
pline_goodyear__ultra_grip_8_performance,ULTRA GRIP 8 PERFORMANCE,brand_goodyear,winter
pline_kumho__ecsta_pa51,ECSTA PA51,brand_kumho,
pline_nitto__invo,INVO,brand_nitto,
pline_pirelli__cinturato_p7_p7c2_ks,CINTURATO P7 P7C2  KS,brand_pirelli,
pline_zmax__winterhawke,WINTERHAWKE,brand_zmax,winter
pline_antares__ingens_locus,INGENS-LOCUS,brand_antares,
pline_goodyear__eagle_f1_as,EAGLE F1 AS,brand_goodyear,all_season
pline_goodyear__eagle_f1_asymmetric_5,EAGLE F1 ASYMMETRIC 5,brand_goodyear,summer
pline_goodyear__eagle_f1_asymmetric_5_sct,EAGLE F1 ASYMMETRIC 5 SCT,brand_goodyear,summer
pline_goodyear__eagle_fi_asymmetric_6,EAGLE FI ASYMMETRIC 6,brand_goodyear,
pline_nitto__motivo_365_a_w,MOTIVO 365 A/W,brand_nitto,all_weather_3pmsf
pline_pirelli__cinturato_p7_a_s_ncs,CINTURATO P7 A/S NCS,brand_pirelli,all_season
pline_pirelli__winter_sottozero_3,WINTER SOTTOZERO 3,brand_pirelli,winter
pline_nankang__ns_2r,NS-2R,brand_nankang,
pline_antares__grip_60_ice,GRIP 60 ICE,brand_antares,winter
pline_continental__contiprocontact_rx,CONTIPROCONTACT RX,brand_continental,all_season
pline_continental__contipurecontact_ls,CONTIPURECONTACT LS,brand_continental,
pline_continental__vikingcontact_7_ice_and_snow,VIKINGCONTACT 7 - Ice and snow,brand_continental,
pline_hercules__avalanche_tt,AVALANCHE TT,brand_hercules,
pline_kumho__majesty_solus_ku50,MAJESTY SOLUS KU50,brand_kumho,
pline_pirelli__ice_zero_assimetrico,ICE ZERO ASSIMETRICO,brand_pirelli,winter
pline_sailun__ice_blazer_wstx,ICE BLAZER WSTX,brand_sailun,winter
pline_continental__contiecocontact_6,CONTIECOCONTACT 6,brand_continental,
pline_continental__icecontact_xtrm,ICECONTACT XTRM,brand_continental,winter
pline_continental__contipremiumcontact_6,CONTIPREMIUMCONTACT 6,brand_continental,
pline_continental__contipremiumcontact_6_sil,CONTIPREMIUMCONTACT 6 SIL,brand_continental,
pline_continental__procontact_gx,PROCONTACT GX,brand_continental,all_season
pline_continental__contiprocontact_gx,CONTIPROCONTACT GX,brand_continental,all_season
pline_continental__contiprocontact_rx_ssr,CONTIPROCONTACT RX SSR,brand_continental,all_season
pline_continental__contivikingcontact_7_ssr,CONTIVIKINGCONTACT 7 SSR,brand_continental,all_weather_3pmsf
pline_goodyear__efficient_grip,EFFICIENT GRIP,brand_goodyear,all_weather_3pmsf
pline_ovation__ecovision_ev_882,ECOVISION EV-882,brand_ovation,
pline_pirelli__ice_friction_ncs_elt,ICE FRICTION NCS ELT,brand_pirelli,winter
pline_continental__contiextremecontact_sport,CONTIEXTREMECONTACT SPORT,brand_continental,
pline_continental__contipremiumcontact_6_ssr,CONTIPREMIUMCONTACT 6 SSR,brand_continental,
pline_general_tire__g_max_as_07,G-MAX AS-07,brand_general_tire,all_season
pline_fortune__viento_fsr702_as,VIENTO FSR702 AS,brand_fortune,all_season
pline_kinforest__uhp_m_s_500_a_a,UHP M+S 500/A/A,brand_kinforest,all_season
pline_continental__contitouringcontact_cv95,CONTITOURINGCONTACT CV95,brand_continental,all_season
pline_continental__contiwintercontact_ts850,CONTIWINTERCONTACT TS850,brand_continental,winter
pline_ironman__imove_gen_2_as,IMOVE GEN 2 AS,brand_ironman,all_season
pline_pirelli__cinturato_p7_blue,CINTURATO P7 BLUE,brand_pirelli,
pline_starfire__wr,WR,brand_starfire,
pline_continental__contiprocontact_tx_ssr,CONTIPROCONTACT TX SSR,brand_continental,all_season
pline_dunlop__sp_sport_5000,SP SPORT 5000,brand_dunlop,
pline_goodyear__eagle_sport_a_s_rof_performance,EAGLE SPORT A/S ROF - Performance,brand_goodyear,all_season
pline_ovation__ovation_ev,OVATION EV,brand_ovation,
pline_ovation__wv_688,WV-688,brand_ovation,
pline_pirelli__p4_persist_a_s,P4 PERSIST A/S+,brand_pirelli,all_season
pline_toyo__celsius_ii,CELSIUS II,brand_toyo,all_weather_3pmsf
pline_continental__contivanco_fourseason,CONTIVANCO FOURSEASON,brand_continental,
pline_goodyear__wrangler_territory_at,WRANGLER TERRITORY AT,brand_goodyear,
pline_nokian__hakkapeliitta_9,HAKKAPELIITTA 9,brand_nokian,winter
pline_yokohama__geolander_g95a,GEOLANDER G95A,brand_yokohama,
pline_continental__contiecocontact_6_q,CONTIECOCONTACT 6 Q,brand_continental,
pline_maxtrek__sierra_s6,SIERRA S6,brand_maxtrek,
pline_nexen__n_priz_rh7,N'PRIZ RH7,brand_nexen,
pline_double_star__dw,DW,brand_double_star,winter
pline_goodyear__eagle_touring,EAGLE TOURING,brand_goodyear,all_season
pline_nokian__hakkapeliitta_10_suv,HAKKAPELIITTA 10 SUV,brand_nokian,winter
pline_pirelli__scorpion_a_s_iii,SCORPION A/S+ III,brand_pirelli,all_season
pline_sailun__erange_ev,ERANGE EV,brand_sailun,
pline_goodyear__eagle_rs_a_police,EAGLE RS-A POLICE,brand_goodyear,winter
pline_goodyear__eagle_ultra_grip_gw2,EAGLE ULTRA GRIP GW2,brand_goodyear,winter
pline_continental__contiterraincontact_a_t,CONTITERRAINCONTACT A/T,brand_continental,
pline_continental__contiterraincontact_h_t,CONTITERRAINCONTACT H/T,brand_continental,
pline_goodyear__wrangler_steadfast_ht,WRANGLER STEADFAST HT,brand_goodyear,
pline_kapsen__rs21_practicalmax_h_t,RS21 PRACTICALMAX H/T,brand_kapsen,
pline_kumho__solus_ta51a,SOLUS TA51A,brand_kumho,
pline_laufenn__g_fit_as_lh41,G FIT AS LH41,brand_laufenn,all_season
pline_pirelli__p4_persist,P4 PERSIST,brand_pirelli,all_season
pline_sumitomo__htr_enhance_lx2,HTR ENHANCE LX2,brand_sumitomo,
pline_triangle__snowlink_pl01,SNOWLINK PL01,brand_triangle,winter
pline_goodyear__eagle_enforcer_a_w,EAGLE ENFORCER A/W,brand_goodyear,all_weather_3pmsf
pline_goodyear__eagle_enforcer_winter,EAGLE ENFORCER WINTER,brand_goodyear,winter
pline_westlake__sw606,SW606,brand_westlake,
pline_yokohama__geolandar_cv_g058,GEOLANDAR CV G058,brand_yokohama,
pline_fortune__perfectus_fsr602,PERFECTUS FSR602,brand_fortune,all_season
pline_continental__conticrosscontact_atr,CONTICROSSCONTACT ATR,brand_continental,
pline_continental__conticrosscontact_lx_e,CONTICROSSCONTACT LX E,brand_continental,
pline_general_tire__altimax,ALTIMAX,brand_general_tire,
pline_goodyear__assurance_cs_fuel_max,ASSURANCE CS FUEL MAX,brand_goodyear,all_season
pline_goodyear__wrangler_fortitude_ht,WRANGLER FORTITUDE HT,brand_goodyear,
pline_goodyear__wrangler_workhorse_at,WRANGLER WORKHORSE AT,brand_goodyear,
pline_hankook__dynapro_ht_rh12,DYNAPRO HT RH12,brand_hankook,
pline_laufenn__g_fit_as_41,G FIT AS 41,brand_laufenn,all_season
pline_nexen__roadian_htx_2,ROADIAN HTX 2,brand_nexen,all_weather_3pmsf
pline_sailun__atrezzo,ATREZZO,brand_sailun,
pline_yokohama__avid_s33b,AVID S33B,brand_yokohama,
pline_yokohama__geolander_cv_g058,GEOLANDER CV G058,brand_yokohama,
pline_yokohama__geolander_g91a,GEOLANDER G91A,brand_yokohama,
pline_goodyear__wrangler_sr_a,WRANGLER SR-A,brand_goodyear,
pline_ilink__il868,IL868,brand_ilink,winter
pline_triangle__tr685,TR685,brand_triangle,
pline_triangle__trd92,TRD92,brand_triangle,all_weather_3pmsf
pline_tbc__arctic_claw_txi,ARCTIC CLAW TXI,brand_tbc,
pline_goodyear__wrangler_st,WRANGLER ST,brand_goodyear,
pline_nokian__hakkapeliitta_c4,HAKKAPELIITTA C4,brand_nokian,winter
pline_nokian__hakkapeliitta_lt3,HAKKAPELIITTA LT3,brand_nokian,winter
pline_tbc__velozza,VELOZZA,brand_tbc,
pline_continental__contisportcontact_6,CONTISPORTCONTACT 6,brand_continental,
pline_goodyear__eagle_f1_supercar_3,EAGLE F1 SUPERCAR 3,brand_goodyear,summer
pline_hankook__hankook_ion_evo_as_ih01_ev_sat,Hankook ION EVO AS IH01 EV SAT,brand_hankook,all_season
pline_hankook__ion_i_cept_iw01_ev_sat,ION I-CEPT IW01 EV SAT,brand_hankook,winter
pline_yokohama__advan_sport_ev,ADVAN SPORT EV,brand_yokohama,all_season
pline_antares__grip_wp,GRIP WP,brand_antares,
pline_continental__contiprocontact_contiseal,CONTIPROCONTACT CONTISEAL,brand_continental,all_season
pline_continental__contisportcontact_5_csi,CONTISPORTCONTACT 5 CSi,brand_continental,
pline_continental__contisportcontact_6_ssr,CONTISPORTCONTACT 6 SSR,brand_continental,
pline_ironman__imove,IMOVE,brand_ironman,all_season
pline_nitto__nt555_g2,NT555 G2,brand_nitto,
pline_yokohama__advan_neova_ad09,ADVAN NEOVA AD09,brand_yokohama,
pline_falken__winterpeak_f_ice_1,WINTERPEAK F-ICE 1,brand_falken,winter
pline_goodyear__eagle_f1_asymmetric_a_s,EAGLE F1 ASYMMETRIC A/S,brand_goodyear,all_season
pline_goodyear__eagle_sport_a_s_sct,EAGLE SPORT A/S SCT,brand_goodyear,all_season
pline_goodyear__electricdrive_gt_sct,ELECTRICDRIVE GT SCT,brand_goodyear,
pline_pirelli__cinturato_p7_p7c2_s_i,CINTURATO P7 P7C2 S-i,brand_pirelli,
pline_pirelli__cinturato_p7_si,CINTURATO P7 SI,brand_pirelli,
pline_pirelli__p_zero_pz4_spt,P ZERO PZ4-SPT,brand_pirelli,summer
pline_sailun__inspire,INSPIRE,brand_sailun,
pline_westlake__superide_1_ev_pro,SUPERIDE 1 EV PRO,brand_westlake,
pline_yokohama__advan_sport_ev_a_s,ADVAN SPORT EV A/S,brand_yokohama,all_season
pline_nexen__nfera_supreme,NFERA SUPREME,brand_nexen,
pline_continental__contiwintercontact_ts_860_s_sil,CONTIWINTERCONTACT TS 860 S SIL,brand_continental,winter
pline_goodyear__weatherready_2,WEATHERREADY 2,brand_goodyear,all_weather_3pmsf
pline_goodyear__eagle_f1_asymmetric_2_suv,EAGLE F1 ASYMMETRIC 2 SUV,brand_goodyear,summer
pline_goodyear__ecoready,ECOREADY,brand_goodyear,
pline_pirelli__cinturato_p7_ks,CINTURATO P7 KS,brand_pirelli,
pline_kumho__wp71,WP71,brand_kumho,winter
pline_goodyear__eagle_f1_asymmetric,EAGLE F1 ASYMMETRIC,brand_goodyear,summer
pline_continental__contiprocontact_tx_sil,CONTIPROCONTACT TX SIL,brand_continental,all_season
pline_goodyear__eagle_ultra_grip_gw3,EAGLE ULTRA GRIP GW3,brand_goodyear,winter
pline_pirelli__p7_a_s_3,P7 A/S+ 3,brand_pirelli,all_season
pline_continental__conticrosscontact_uhp,CONTICROSSCONTACT UHP,brand_continental,
pline_kapsen__aw33_snow,AW33 SNOW,brand_kapsen,winter
pline_kumho__crugen,CRUGEN,brand_kumho,
pline_goodyear__eagle_f1_asymmetric_suv_a_t,EAGLE F1 ASYMMETRIC SUV A/T,brand_goodyear,summer
pline_goodyear__eagle_f1_asymmetric_suv_a_t_sct,EAGLE F1 ASYMMETRIC SUV A/T SCT,brand_goodyear,summer
pline_continental__contiprocontact_e,CONTIPROCONTACT E,brand_continental,all_season
pline_continental__contivikingcontact_8,CONTIVIKINGCONTACT 8,brand_continental,
pline_fortune__perfectus_fsr602_a_s,PERFECTUS FSR602 A/S,brand_fortune,all_season
pline_goodyear__ultra_grip_suv_dx,ULTRA GRIP SUV DX,brand_goodyear,winter
pline_pirelli__cinturato_p7_p7c2_elt,CINTURATO P7 P7C2 ELT,brand_pirelli,
pline_pirelli__scorpion_verde_a_s,SCORPION VERDE A/S,brand_pirelli,all_season
pline_pirelli__scorpion_zero,SCORPION ZERO,brand_pirelli,all_season
pline_continental__crosscontact_rx,CROSSCONTACT RX,brand_continental,
pline_continental__conticrosscontact_winter,CONTICROSSCONTACT WINTER,brand_continental,winter
pline_continental__contisecurecontact_aw,CONTISECURECONTACT AW,brand_continental,all_weather_3pmsf
pline_goodyear__eagle_f1_asymmetric_3_suv,EAGLE F1 ASYMMETRIC 3 SUV,brand_goodyear,summer
pline_goodyear__eagle_f1_at_self_seal,EAGLE F1 AT SELF SEAL,brand_goodyear,summer
pline_kumho__crugen_premium_kl33,CRUGEN PREMIUM KL33,brand_kumho,
pline_kumho__ws71,WS71,brand_kumho,winter
pline_laufenn__x_fit_hp,X FIT HP,brand_laufenn,
pline_nexen__n_fera_ru1,N'FERA RU1,brand_nexen,
pline_onyx__ny_hp187,NY-HP187,brand_onyx,
pline_roadboss__nixvia,NIXVIA,brand_roadboss,winter
pline_roadx__rxmotion_suv,RXMOTION SUV,brand_roadx,
pline_toyo__open_country_a39,OPEN COUNTRY A39,brand_toyo,
pline_ilink__l_zeal56,L-ZEAL56,brand_ilink,
pline_maxtrek__fortis_t5,FORTIS T5,brand_maxtrek,
pline_ilink__zmax_powercity,ZMAX POWERCITY,brand_ilink,all_season
pline_goodyear__eagle_ls,EAGLE LS,brand_goodyear,
pline_continental__conticrosscontact_lx_sport_ssr,CONTICROSSCONTACT LX SPORT SSR,brand_continental,
pline_kumho__crugen_kl33,CRUGEN KL33,brand_kumho,
pline_roadx__rxmotion,RXMOTION,brand_roadx,all_weather_3pmsf
pline_cooper__discoverer_ht3,DISCOVERER HT3,brand_cooper,
pline_general_tire__grabber_hd,GRABBER HD,brand_general_tire,
pline_greentrac__superange_van,SUPERANGE-Van,brand_greentrac,
pline_nexen__roadian_htx_2_lt,ROADIAN HTX 2 LT,brand_nexen,all_weather_3pmsf
pline_kapsen__rw501_snow_tire,RW501 SNOW TIRE,brand_kapsen,winter
pline_continental__conti4x4wintercontact,CONTI4X4WINTERCONTACT,brand_continental,winter
pline_goodyear__wrangler_territory_rt,WRANGLER TERRITORY RT,brand_goodyear,
pline_goodyear__wrangler_workhorse_ht,WRANGLER WORKHORSE HT,brand_goodyear,
pline_hankook__kinergy_gt_h436_performance,KINERGY GT H436 - Performance,brand_hankook,
pline_kapsen__h202_suv,H202 SUV,brand_kapsen,all_season
pline_kapsen__rs21_suv_h_t,RS21 SUV H/T,brand_kapsen,
pline_kelly__edge_touring_edge_a_s,EDGE TOURING EDGE A/S,brand_kelly,all_season
pline_yokohama__avid_s34rv_take_off,AVID S34RV (TAKE OFF),brand_yokohama,
pline_yokohama__avid_touring_s,AVID TOURING S,brand_yokohama,all_season
pline_kumho__crugen_hp71,CRUGEN HP71,brand_kumho,
pline_continental__contitrac,CONTITRAC,brand_continental,
pline_minerva__s220,S220,brand_minerva,
pline_ovation__ecovision_vi_286at,ECOVISION VI-286AT,brand_ovation,
pline_cooper__discoverer,DISCOVERER,brand_cooper,
pline_goodyear__wrangler_trailrunner_at,WRANGLER TRAILRUNNER AT,brand_goodyear,
pline_ovation__ecovision_vi_186mt,ECOVISION VI-186MT,brand_ovation,
pline_goodyear__wrangler_at_adventure_kevlar,WRANGLER AT ADVENTURE KEVLAR,brand_goodyear,
pline_nexen__roadian_at_pro_ra8,ROADIAN AT PRO RA8,brand_nexen,
pline_nexen__roadian_htx_rh5,ROADIAN HTX RH5,brand_nexen,
pline_nexen__roadian_mtx_rm7,ROADIAN MTX RM7,brand_nexen,
pline_nexen__roadian_mtx,ROADIAN MTX,brand_nexen,
pline_goodyear__radial_convenience_spare,RADIAL CONVENIENCE SPARE,brand_goodyear,
pline_goodyear__eagle_f1_asymmetric_3_sct,EAGLE F1 ASYMMETRIC 3 SCT,brand_goodyear,all_weather_3pmsf
pline_pirelli__w240,W240,brand_pirelli,winter
pline_vredestein__ultrac_pro,ULTRAC PRO,brand_vredestein,
pline_continental__contiextremecontact_dw,CONTIEXTREMECONTACT DW,brand_continental,
pline_goodyear__eagle_f1_gs_2_emt,EAGLE F1 GS-2 EMT,brand_goodyear,all_weather_3pmsf
pline_ilink__thunder_u09_uhp_m_s,THUNDER U09 UHP M+S,brand_ilink,all_season
pline_kumho__ecsta_pa71,ECSTA PA71,brand_kumho,
pline_sumitomo__htr_z5,HTR Z5,brand_sumitomo,
pline_continental__contiprocontact_rx_csi,CONTIPROCONTACT RX CSI,brand_continental,all_season
pline_general_tire__g_max,G-MAX,brand_general_tire,all_season
pline_goodyear__eagle_touring_sct,EAGLE TOURING SCT,brand_goodyear,all_season
pline_goodyear__excellence,EXCELLENCE,brand_goodyear,all_weather_3pmsf
pline_continental__contisportcontact_6_sil,CONTISPORTCONTACT 6 SIL,brand_continental,
pline_goodyear__eagle_f1_asymmetric_2_sct,EAGLE F1 ASYMMETRIC 2  SCT,brand_goodyear,all_weather_3pmsf
pline_kumho__wintercraft_wp72,WINTERCRAFT WP72,brand_kumho,winter
pline_pirelli__p_zero_pz4_luxury,P ZERO PZ4 LUXURY,brand_pirelli,summer
pline_pirelli__p_zero_pz4_lux,P ZERO PZ4-LUX,brand_pirelli,summer
pline_kinforest__kf7_uhp,KF7 UHP,brand_kinforest,
pline_goodyear__eagle_f1_gs_emt,EAGLE F1 GS EMT,brand_goodyear,all_weather_3pmsf
pline_nexen__cp672,CP672,brand_nexen,
pline_dunlop__sp_winter_sport_3d_dsst,SP WINTER SPORT 3D DSST,brand_dunlop,winter
pline_kumho__wp72,WP72,brand_kumho,winter
pline_zmax__snowgripper_i,SNOWGRIPPER I,brand_zmax,winter
pline_continental__contiprocontact_rx_sil,CONTIPROCONTACT RX SIL,brand_continental,all_season
pline_continental__contisportcontact_7_sil,CONTISPORTCONTACT 7 SIL,brand_continental,
pline_goodyear__eagle_rs_a2,EAGLE RS-A2,brand_goodyear,
pline_nexen__n_fera,N'FERA,brand_nexen,
pline_annaite__an606,AN606,brand_annaite,
pline_goodyear__eagle_f1_supercar,EAGLE F1 SUPERCAR,brand_goodyear,summer
pline_pirelli__cinturato_p7_blue_elt,CINTURATO P7 BLUE ELT,brand_pirelli,
pline_pirelli__scorpion_zero_a_s_ncs_ultra_high_performance,SCORPION ZERO A/S NCS - Ultra high performance,brand_pirelli,all_season
pline_federal__evoluzion_st_1,EVOLUZION ST-1,brand_federal,
pline_hankook__ventus,VENTUS,brand_hankook,all_season
pline_pirelli__cinturato_p7_a_s_ka,CINTURATO P7 A/S  KA,brand_pirelli,all_season
pline_continental__vikingcontact_8,VIKINGCONTACT 8,brand_continental,
pline_goodyear__vector_4seasons_gen_3,VECTOR 4SEASONS GEN-3,brand_goodyear,all_weather_3pmsf
pline_goodyear__eagle_sport_a_s_performance,EAGLE SPORT A/S - Performance,brand_goodyear,all_season
pline_goodyear__ultragrip_perf_suv_gen_1,ULTRAGRIP PERF SUV GEN-1,brand_goodyear,winter
pline_kapsen__rs26,RS26,brand_kapsen,
pline_minerva__ecospeed2,ECOSPEED2,brand_minerva,
pline_general_tire__grabber_arctic,GRABBER ARCTIC,brand_general_tire,
pline_goodyear__ultra_grip_suv_4x4,ULTRA GRIP+ SUV 4X4,brand_goodyear,winter
pline_rovelo__rws_677,RWS-677,brand_rovelo,
pline_goodyear__fortera_hl,FORTERA HL,brand_goodyear,
pline_goodyear__wintercommand_suv,WINTERCOMMAND SUV,brand_goodyear,winter
pline_goodyear__wrangler_at_adventure,WRANGLER AT ADVENTURE,brand_goodyear,
pline_mazzini__4,4,brand_mazzini,
pline_ovation__vi_686at,VI-686AT,brand_ovation,
pline_general_tire__grabber_hts,GRABBER HTS,brand_general_tire,
pline_goodyear__wrangler_duratrac_rt,WRANGLER DURATRAC RT,brand_goodyear,
pline_toyo__open_country_a_t_iii,OPEN COUNTRY A/T III,brand_toyo,all_weather_3pmsf
pline_sailun__terramax,TERRAMAX,brand_sailun,
pline_ironman__imove_gen_2_suv,iMOVE GEN 2 SUV,brand_ironman,
pline_nexen__roadian_hp,ROADIAN HP,brand_nexen,
pline_continental__contisportcontact_5p_ssr,CONTISPORTCONTACT 5P SSR,brand_continental,
pline_goodyear__eagle_f1_asymmetric_5_str,EAGLE F1 ASYMMETRIC 5 STR,brand_goodyear,summer
pline_goodyear__eagle_f1_supersport_r,EAGLE F1 SUPERSPORT R,brand_goodyear,summer
pline_kumho__ecsta,ECSTA,brand_kumho,
pline_continental__contiecocontact_6_q_sil,CONTIECOCONTACT 6 Q SIL,brand_continental,
pline_goodyear__ultra_grip_performance_sct,ULTRA GRIP PERFORMANCE + SCT,brand_goodyear,winter
pline_ilink__master_ev,MASTER EV,brand_ilink,
pline_goodyear__eagle_f1_supercar_sct,EAGLE F1 SUPERCAR SCT,brand_goodyear,summer
pline_kumho__ps72,PS72,brand_kumho,
pline_continental__contiwintercontact_ts_830_p,CONTIWINTERCONTACT TS 830 P,brand_continental,winter
pline_goodyear__eagle_f1_asymmetric_5_sct_a_s,EAGLE F1 ASYMMETRIC 5 SCT A/S,brand_goodyear,all_season
pline_pirelli__sottozero_3_ncs_elt,SOTTOZERO 3 NCS ELT,brand_pirelli,winter
pline_toyo__celsius_sport,CELSIUS SPORT,brand_toyo,all_weather_3pmsf
pline_triangle__snowlink_pl02,SNOWLINK PL02,brand_triangle,winter
pline_hankook__ion_evo,ION EVO,brand_hankook,all_season
pline_continental__procontact,PROCONTACT,brand_continental,all_season
pline_kumho__majesty_9_solus_ta91_ksil,MAJESTY 9 SOLUS TA91 KSIL,brand_kumho,
pline_pirelli__cinturato_p7_ncs,CINTURATO P7 NCS,brand_pirelli,
pline_continental__conticrosscontact_rx_sil,CONTICROSSCONTACT RX SIL,brand_continental,
pline_continental__ice_contact_xtrm,ICE CONTACT XTRM,brand_continental,winter
pline_pirelli__scorpion,SCORPION,brand_pirelli,all_season
pline_goodyear__eagle_f1_asymmetric_suv,EAGLE F1 ASYMMETRIC SUV,brand_goodyear,summer
pline_continental__contisportcontact_5_cs_sil,CONTISPORTCONTACT 5 CS SIL,brand_continental,
pline_goodyear__eagle_f1_suv_at_self_seal,EAGLE F1 SUV AT SELF SEAL,brand_goodyear,summer
pline_hankook__optimo,OPTIMO,brand_hankook,
pline_ilink__l_zeal56_uhp_m_s,L-ZEAL56 UHP M+S,brand_ilink,
pline_pirelli__scorpion_a_s_iii_performance,SCORPION A/S+ III - Performance,brand_pirelli,all_season
pline_ilink__x_master,X-MASTER,brand_ilink,
pline_goodyear__eagle_nct5_emt,EAGLE NCT5 EMT,brand_goodyear,all_weather_3pmsf
pline_kapsen__rw501,RW501,brand_kapsen,winter
pline_nexen__winguard_winspike,WINGUARD WINSPIKE,brand_nexen,
pline_continental__conticrosscontact_lx_sport_cs,CONTICROSSCONTACT LX SPORT CS,brand_continental,
pline_goodyear__wrangler_duratrac,WRANGLER DURATRAC,brand_goodyear,
pline_continental__conticrosscontact_lx20,CONTICROSSCONTACT LX20,brand_continental,
pline_pirelli__scorpion_weatheractive,SCORPION WEATHERACTIVE,brand_pirelli,
pline_cooper__cobra_radial_g_t_rwl,COBRA RADIAL G/T RWL,brand_cooper,
pline_goodyear__eagle_enforcer,EAGLE ENFORCER,brand_goodyear,
pline_goodyear__eag_enforcer_winter_winter,EAG ENFORCER WINTER - Winter,brand_goodyear,winter
pline_hankook__dynapro_hp2,DYNAPRO HP2,brand_hankook,
pline_goodyear__wrangler_territory_ht,WRANGLER TERRITORY HT,brand_goodyear,
pline_goodyear__assurance_cs_fuel_max_touring,ASSURANCE CS FUEL MAX - Touring,brand_goodyear,all_season
pline_goodyear__wrangler_territory_at_s,WRANGLER TERRITORY AT/S,brand_goodyear,
pline_falken__wildpeak,WILDPEAK,brand_falken,all_weather_3pmsf
pline_goodyear__wrangler_hp,WRANGLER HP,brand_goodyear,
pline_continental__contisportcontact_5p_csi,CONTISPORTCONTACT 5P CSi,brand_continental,
pline_falken__azenis,AZENIS,brand_falken,summer
pline_toyo__proxes_sport,PROXES SPORT,brand_toyo,summer
pline_goodyear__eagle_sport_a_s_sct_sr,EAGLE SPORT A/S SCT SR,brand_goodyear,all_season
pline_pirelli__scorpion_zero_a_s_elt_ncs,SCORPION ZERO A/S ELT NCS,brand_pirelli,all_season
pline_continental__conticrosscontact_lx_sport_sil_cs,CONTICROSSCONTACT LX SPORT SIL CS,brand_continental,
pline_nexen__n_fera_sport,N'FERA SPORT,brand_nexen,
pline_continental__conticrosscontact_lx_sport_sil,CONTICROSSCONTACT LX SPORT SIL,brand_continental,
pline_continental__conticrosscontact_rx_ssr,CONTICROSSCONTACT RX SSR,brand_continental,
pline_goodyear__wrangler_boulder_m_t,WRANGLER BOULDER M/T,brand_goodyear,
pline_fortune__tormenta_h_t_fsr305_a_s,TORMENTA H/T FSR305 A/S,brand_fortune,all_season
pline_nitto__motivo,MOTIVO,brand_nitto,
pline_yokohama__geolandar,GEOLANDAR,brand_yokohama,
pline_dunlop__grandtrek_h_t31,GRANDTREK H/T31,brand_dunlop,
pline_dovroad__urban_primor_suv_h_t,URBAN PRIMOR SUV H/T,brand_dovroad,
pline_toyo__open_country_h_t_ii,OPEN COUNTRY H/T II,brand_toyo,
pline_cooper__discoverer_snow_claw,DISCOVERER SNOW CLAW,brand_cooper,winter
pline_toyo__open_country,OPEN COUNTRY,brand_toyo,all_weather_3pmsf
pline_antares__smt_a7,SMT A7,brand_antares,
pline_goodyear__wrangler_at_s,WRANGLER AT/S,brand_goodyear,
pline_nexen__roadian_rtx_rm7,ROADIAN RTX RM7,brand_nexen,
pline_nitto__terra_grappler,TERRA GRAPPLER,brand_nitto,
pline_pirelli__scorpion_str_for,SCORPION STR (FOR),brand_pirelli,
pline_goodyear__wrangler_workhorse_at_2,WRANGLER WORKHORSE AT 2,brand_goodyear,all_weather_3pmsf
pline_dunlop__winter_maxx_2,WINTER MAXX 2,brand_dunlop,winter
pline_goodyear__eagle_f1_supercar_emt,EAGLE F1 SUPERCAR EMT,brand_goodyear,all_weather_3pmsf
pline_goodyear__eagle_f1_supercar_g_2,EAGLE F1 SUPERCAR G 2,brand_goodyear,all_weather_3pmsf
pline_continental__conti4x4sportcontact,CONTI4X4SPORTCONTACT,brand_continental,
pline_nexen__n_fera_sur4g,N'FERA SUR4G,brand_nexen,
pline_continental__conticrosscontact_rx_cs,CONTICROSSCONTACT RX CS,brand_continental,
pline_ilink__l_zeal56_uhp,L-ZEAL56 UHP,brand_ilink,
pline_goodyear__eagle_gt_ii,EAGLE GT II,brand_goodyear,
pline_kumho__wintercraft_ws71,WINTERCRAFT WS71,brand_kumho,winter
pline_continental__contipremiumcontact_6_cs,CONTIPREMIUMCONTACT 6 CS,brand_continental,
pline_goodyear__eagle_f1_supersport_sct,EAGLE F1 SUPERSPORT SCT,brand_goodyear,summer
pline_yokohama__geolander_x_cv,GEOLANDER X-CV,brand_yokohama,
pline_pirelli__scorpion_winter,SCORPION WINTER,brand_pirelli,winter
pline_toyo__open_country_q_t,OPEN COUNTRY Q/T,brand_toyo,
pline_goodyear__wrangler_enforcer_at,WRANGLER ENFORCER AT,brand_goodyear,
pline_greentrac__winter_master_s2,WINTER MASTER-S2,brand_greentrac,winter
pline_hankook__at2_xtreme_rf12,AT2 XTREME RF12,brand_hankook,all_weather_3pmsf
pline_general_tire__grabber_a_t_sport,GRABBER A/T SPORT,brand_general_tire,all_weather_3pmsf
pline_general_tire__grabber_h_t,GRABBER H/T,brand_general_tire,
pline_hankook__all_season,ALL SEASON,brand_hankook,
pline_kumho__road_venture_at52,ROAD VENTURE AT52,brand_kumho,all_weather_3pmsf
pline_antares__grip_ice_60,GRIP ICE 60,brand_antares,winter
pline_falken__wildpeak_a_t4w,WILDPEAK A/T4W,brand_falken,all_weather_3pmsf
pline_farroad__frd_66,FRD 66,brand_farroad,all_season
pline_goodyear__wrangler_fortitude_ht_highway_terrain,WRANGLER FORTITUDE HT - Highway terrain,brand_goodyear,
pline_kendra__klever_at2,KLEVER AT2,brand_kendra,all_weather_3pmsf
pline_bridgestone__m863_med_trk_rib_j18,M863 MED TRK RIB J18,brand_bridgestone,
pline_bridgestone__r250ed_j18,R250ED J18,brand_bridgestone,
pline_continental__htc,HTC,brand_continental,
pline_nitto__nt555rii,NT555RII,brand_nitto,
pline_continental__conticrosscontact_lx_sport_performance,CONTICROSSCONTACT LX SPORT - Performance,brand_continental,
pline_pirelli__pzero_pz5,PZERO PZ5,brand_pirelli,summer
pline_general_tire__grabber_apt,GRABBER APT,brand_general_tire,all_weather_3pmsf
pline_nexen__winguard_ice_suv,WINGUARD ICE SUV,brand_nexen,winter
pline_dunlop__winter_maxx_sj8,WINTER MAXX SJ8,brand_dunlop,winter
pline_hankook__dynapro_hp2_plus_ra33d_performance,DYNAPRO HP2 PLUS RA33D - Performance,brand_hankook,
pline_kapsen__snow_aw33,SNOW AW33,brand_kapsen,winter
pline_nitto__nt555,NT555,brand_nitto,
pline_goodyear__fortera_sl,FORTERA SL,brand_goodyear,
pline_pirelli__scorpion_zero_a_s,SCORPION ZERO A/S,brand_pirelli,all_season
pline_goodyear__wrangler_duratrac_lt,WRANGLER DURATRAC LT,brand_goodyear,all_weather_3pmsf
pline_continental__extreme_contact_sport_02,EXTREME CONTACT SPORT 02,brand_continental,
pline_predator__mutant_x_mt,MUTANT X-MT,brand_predator,all_weather_3pmsf
pline_predator__mutant_x_at,MUTANT X AT,brand_predator,all_weather_3pmsf
pline_goodyear__fierce_attitude_m_t,FIERCE ATTITUDE M/T,brand_goodyear,
pline_nexen__roadian_pro_ra8,ROADIAN PRO RA8,brand_nexen,
pline_goodyear__wrangler_enforcer_mt,WRANGLER ENFORCER MT,brand_goodyear,
pline_goodyear__wrangler_mt,WRANGLER MT,brand_goodyear,
pline_bridgestone__directional,DIRECTIONAL,brand_bridgestone,
pline_carlisle__sport_trail,SPORT TRAIL,brand_carlisle,
pline_pirelli__scorpion_ms_elt,SCORPION MS ELT,brand_pirelli,
pline_laufenn__x_fit_hp_la41,X FIT HP LA41,brand_laufenn,
pline_goodyear__wrangler_at,WRANGLER AT,brand_goodyear,
pline_continental__contivancontact_a_s_ultra,CONTIVANCONTACT A/S ULTRA,brand_continental,all_weather_3pmsf
pline_goodyear__endurance,ENDURANCE,brand_goodyear,
pline_goodyear__wrangler_ht,WRANGLER HT,brand_goodyear,
pline_continental__conti_lar_3,CONTI LAR 3,brand_continental,
pline_continental__vancontact_a_s,VANCONTACT A/S,brand_continental,all_season
pline_firestone__destination_m_t,DESTINATION M/T,brand_firestone,
pline_goodyear__endurance_rsd_ult,ENDURANCE RSD ULT,brand_goodyear,
pline_laufenn__x_fit_ht_ld01,X FIT HT LD01,brand_laufenn,
pline_goodyear__cargo_vector,CARGO VECTOR,brand_goodyear,
pline_continental__hdr_5,HDR 5,brand_continental,
pline_cooper__discoverer_stronghold_at,DISCOVERER STRONGHOLD AT,brand_cooper,all_weather_3pmsf
pline_ovation__winter_wv_186,WINTER WV-186,brand_ovation,winter
pline_suretrac__tacoma_h_t,TACOMA H/T,brand_suretrac,
pline_goodyear__radial_ls,RADIAL LS,brand_goodyear,
pline_continental__htl2_eco_plus,HTL2 ECO PLUS,brand_continental,
pline_toyo__m_55,M-55,brand_toyo,all_weather_3pmsf
pline_toyo__open_country_ct,OPEN COUNTRY CT,brand_toyo,all_weather_3pmsf
pline_goodyear__wintercommand_lt,WINTERCOMMAND LT,brand_goodyear,winter
pline_goodyear__wrangler_workhorse_at_all_terrain,WRANGLER WORKHORSE AT - All terrain,brand_goodyear,all_weather_3pmsf
pline_cooper__discoverer_stt_pro,DISCOVERER STT PRO,brand_cooper,
pline_cooper__discoverer_ht3_lt,DISCOVERER HT3 LT,brand_cooper,
pline_hankook__dynapro,DYNAPRO,brand_hankook,all_weather_3pmsf
pline_pirelli__scorpion_a_t,SCORPION A/T+,brand_pirelli,all_weather_3pmsf
pline_sumitomo__encounter_ht2,ENCOUNTER HT2,brand_sumitomo,
pline_toyo__open_country_a_tiii,OPEN COUNTRY A/TIII,brand_toyo,all_weather_3pmsf
pline_cooper__cooper_discoverer_stronghold,COOPER DISCOVERER STRONGHOLD,brand_cooper,all_weather_3pmsf
pline_goodyear__wrangler_territory_mt,WRANGLER TERRITORY MT,brand_goodyear,
pline_cooper__discoverer_at3_lt,DISCOVERER AT3 LT,brand_cooper,all_weather_3pmsf
pline_greentrac__rough_master_x_t,ROUGH MASTER X/T,brand_greentrac,
pline_ilink__wintervorhut_stud_iii_snow_tire,WINTERVORHUT STUD III SNOW TIRE,brand_ilink,winter
pline_hankook__rw11,RW11,brand_hankook,winter
pline_general_tire__grabber_a_tx,GRABBER A/TX,brand_general_tire,all_weather_3pmsf
pline_goodyear__wrangler_duratrac_rt_all_terrain,WRANGLER DURATRAC RT - All terrain,brand_goodyear,all_weather_3pmsf
pline_goodyear__duratrac_rt,DURATRAC RT,brand_goodyear,all_weather_3pmsf
pline_nitto__exo_grappler_awt,EXO GRAPPLER AWT,brand_nitto,all_weather_3pmsf
pline_continental__contivancontact_winter,CONTIVANCONTACT WINTER,brand_continental,winter
pline_general_tire__grabber,GRABBER,brand_general_tire,
pline_goodyear__wrangler_ats,WRANGLER ATS,brand_goodyear,
pline_mickey_thompson__drag,DRAG,brand_mickey_thompson,
pline_hankook__trailer,TRAILER,brand_hankook,
pline_carlisle__radial_trail_hd,RADIAL TRAIL HD,brand_carlisle,
pline_westlake__stzc,STZC,brand_westlake,
pline_carlisle__trailer,TRAILER,brand_carlisle,
pline_westlake__st5000_trailer,ST5000 TRAILER,brand_westlake,
pline_goodride__trailer,Trailer,brand_goodride,
pline_goodyear__endurance_trailer,ENDURANCE Trailer,brand_goodyear,
pline_hercules__trailer,Trailer,brand_hercules,
pline_ovation__trailer,Trailer,brand_ovation,
pline_rovelo__trailer,Trailer,brand_rovelo,
pline_westlake__trailer,Trailer,brand_westlake,
pline_continental__scontact,SCONTACT,brand_continental,
